horodatage,niveau_pct,identifiant_poste
2026-10-06T06:00:00,71.2,poste-01
2026-10-06T06:00:01,79.3,poste-08
2026-10-06T06:00:02,37.9,poste-04
2026-10-06T06:00:03,74.1,poste-18
2026-10-06T06:00:04,27.0,poste-14
2026-10-06T06:00:05,22.5,poste-03
2026-10-06T06:00:06,37.5,poste-17
2026-10-06T06:00:07,68.2,poste-18
2026-10-06T06:00:08,35.9,poste-18
2026-10-06T06:00:09,53.6,poste-15
2026-10-06T06:01:10,67.1,poste-01
2026-10-06T06:01:11,80.7,poste-06
2026-10-06T06:01:12,75.9,poste-11
2026-10-06T06:01:13,42.2,poste-07
2026-10-06T06:01:14,96.6,poste-11
2026-10-06T06:01:15,28.2,poste-13
2026-10-06T06:01:16,27.7,poste-12
2026-10-06T06:01:17,68.3,poste-02
2026-10-06T06:01:18,78.4,poste-18
2026-10-06T06:01:19,30.0,poste-13
2026-10-06T06:02:20,26.3,poste-10
2026-10-06T06:02:21,86.4,poste-20
2026-10-06T06:02:22,90.8,poste-12
2026-10-06T06:02:23,66.2,poste-03
2026-10-06T06:02:24,23.7,poste-08
2026-10-06T06:02:25,81.8,poste-03
2026-10-06T06:02:26,88.4,poste-04
2026-10-06T06:02:27,50.4,poste-15
2026-10-06T06:02:28,70.9,poste-12
2026-10-06T06:02:29,33.0,poste-12
2026-10-06T06:03:30,36.8,poste-09
2026-10-06T06:03:31,76.1,poste-03
2026-10-06T06:03:32,68.7,poste-06
2026-10-06T06:03:33,62.7,poste-08
2026-10-06T06:03:34,33.1,poste-13
2026-10-06T06:03:35,41.6,poste-18
2026-10-06T06:03:36,37.6,poste-11
2026-10-06T06:03:37,87.4,poste-02
2026-10-06T06:03:38,38.3,poste-02
2026-10-06T06:03:39,84.4,poste-13
2026-10-06T06:04:40,41.4,poste-07
2026-10-06T06:04:41,93.1,poste-19
2026-10-06T06:04:42,90.1,poste-11
2026-10-06T06:04:43,37.0,poste-16
2026-10-06T06:04:44,51.7,poste-15
2026-10-06T06:04:45,31.4,poste-05
2026-10-06T06:04:46,39.7,poste-18
2026-10-06T06:04:47,63.1,poste-19
2026-10-06T06:04:48,54.3,poste-19
2026-10-06T06:04:49,52.0,poste-08
2026-10-06T06:05:50,99.8,poste-05
2026-10-06T06:05:51,60.8,poste-03
2026-10-06T06:05:52,80.5,poste-04
2026-10-06T06:05:53,32.2,poste-06
2026-10-06T06:05:54,83.4,poste-14
2026-10-06T06:05:55,67.7,poste-13
2026-10-06T06:05:56,50.5,poste-15
2026-10-06T06:05:57,62.3,poste-18
2026-10-06T06:05:58,88.9,poste-01
2026-10-06T06:05:59,74.4,poste-04
2026-10-06T06:06:00,74.5,poste-18
2026-10-06T06:06:01,80.1,poste-11
2026-10-06T06:06:02,28.9,poste-14
2026-10-06T06:06:03,32.7,poste-01
2026-10-06T06:06:04,96.3,poste-09
2026-10-06T06:06:05,97.8,poste-06
2026-10-06T06:06:06,60.6,poste-04
2026-10-06T06:06:07,89.6,poste-10
2026-10-06T06:06:08,87.3,poste-17
2026-10-06T06:06:09,68.7,poste-05
2026-10-06T06:07:10,49.9,poste-06
2026-10-06T06:07:11,63.2,poste-17
2026-10-06T06:07:12,93.5,poste-20
2026-10-06T06:07:13,45.9,poste-01
2026-10-06T06:07:14,28.9,poste-12
2026-10-06T06:07:15,90.3,poste-10
2026-10-06T06:07:16,39.2,poste-08
2026-10-06T06:07:17,90.2,poste-03
2026-10-06T06:07:18,26.9,poste-16
2026-10-06T06:07:19,85.3,poste-18
2026-10-06T06:08:20,81.3,poste-05
2026-10-06T06:08:21,72.8,poste-18
2026-10-06T06:08:22,33.2,poste-17
2026-10-06T06:08:23,89.8,poste-14
2026-10-06T06:08:24,97.1,poste-18
2026-10-06T06:08:25,80.4,poste-07
2026-10-06T06:08:26,77.0,poste-13
2026-10-06T06:08:27,99.6,poste-12
2026-10-06T06:08:28,55.0,poste-17
2026-10-06T06:08:29,56.1,poste-08
2026-10-06T06:09:30,38.0,poste-11
2026-10-06T06:09:31,21.7,poste-18
2026-10-06T06:09:32,38.4,poste-08
2026-10-06T06:09:33,20.6,poste-02
2026-10-06T06:09:34,38.3,poste-02
2026-10-06T06:09:35,88.8,poste-03
2026-10-06T06:09:36,61.1,poste-09
2026-10-06T06:09:37,73.5,poste-07
2026-10-06T06:09:38,63.1,poste-19
2026-10-06T06:09:39,66.1,poste-08
2026-10-06T06:10:40,82.8,poste-14
2026-10-06T06:10:41,35.2,poste-04
2026-10-06T06:10:42,72.7,poste-12
2026-10-06T06:10:43,53.9,poste-15
2026-10-06T06:10:44,89.1,poste-02
2026-10-06T06:10:45,73.9,poste-04
2026-10-06T06:10:46,24.8,poste-11
2026-10-06T06:10:47,84.0,poste-04
2026-10-06T06:10:48,39.9,poste-07
2026-10-06T06:10:49,62.9,poste-05
2026-10-06T06:11:50,53.8,poste-09
2026-10-06T06:11:51,57.0,poste-03
2026-10-06T06:11:52,55.5,poste-18
2026-10-06T06:11:53,27.8,poste-18
2026-10-06T06:11:54,86.9,poste-03
2026-10-06T06:11:55,94.1,poste-08
2026-10-06T06:11:56,33.3,poste-16
2026-10-06T06:11:57,58.5,poste-13
2026-10-06T06:11:58,92.2,poste-06
2026-10-06T06:11:59,50.3,poste-13
2026-10-06T06:12:00,41.2,poste-15
2026-10-06T06:12:01,42.8,poste-18
2026-10-06T06:12:02,72.9,poste-16
2026-10-06T06:12:03,32.4,poste-10
2026-10-06T06:12:04,37.4,poste-02
2026-10-06T06:12:05,66.3,poste-18
2026-10-06T06:12:06,24.9,poste-11
2026-10-06T06:12:07,24.6,poste-19
2026-10-06T06:12:08,58.1,poste-17
2026-10-06T06:12:09,32.6,poste-17
2026-10-06T06:13:10,26.4,poste-06
2026-10-06T06:13:11,25.5,poste-03
2026-10-06T06:13:12,74.0,poste-08
2026-10-06T06:13:13,52.3,poste-19
2026-10-06T06:13:14,39.7,poste-20
2026-10-06T06:13:15,23.2,poste-03
2026-10-06T06:13:16,53.5,poste-19
2026-10-06T06:13:17,65.2,poste-11
2026-10-06T06:13:18,94.8,poste-07
2026-10-06T06:13:19,73.6,poste-11
2026-10-06T06:14:20,39.1,poste-13
2026-10-06T06:14:21,30.5,poste-10
2026-10-06T06:14:22,56.6,poste-03
2026-10-06T06:14:23,20.7,poste-20
2026-10-06T06:14:24,99.9,poste-04
2026-10-06T06:14:25,25.9,poste-07
2026-10-06T06:14:26,60.5,poste-05
2026-10-06T06:14:27,94.7,poste-03
2026-10-06T06:14:28,90.3,poste-12
2026-10-06T06:14:29,42.8,poste-15
2026-10-06T06:15:30,86.7,poste-10
2026-10-06T06:15:31,68.9,poste-17
2026-10-06T06:15:32,20.6,poste-18
2026-10-06T06:15:33,44.0,poste-04
2026-10-06T06:15:34,95.1,poste-05
2026-10-06T06:15:35,41.2,poste-04
2026-10-06T06:15:36,79.4,poste-05
2026-10-06T06:15:37,41.8,poste-20
2026-10-06T06:15:38,36.9,poste-11
2026-10-06T06:15:39,36.3,poste-09
2026-10-06T06:16:40,60.4,poste-09
2026-10-06T06:16:41,92.4,poste-02
2026-10-06T06:16:42,27.4,poste-14
2026-10-06T06:16:43,86.3,poste-02
2026-10-06T06:16:44,20.3,poste-05
2026-10-06T06:16:45,71.0,poste-09
2026-10-06T06:16:46,32.9,poste-15
2026-10-06T06:16:47,64.1,poste-14
2026-10-06T06:16:48,64.9,poste-04
2026-10-06T06:16:49,26.0,poste-05
2026-10-06T06:17:50,63.6,poste-12
2026-10-06T06:17:51,66.6,poste-05
2026-10-06T06:17:52,54.4,poste-02
2026-10-06T06:17:53,44.7,poste-02
2026-10-06T06:17:54,91.9,poste-07
2026-10-06T06:17:55,74.6,poste-04
2026-10-06T06:17:56,48.3,poste-18
2026-10-06T06:17:57,90.7,poste-14
2026-10-06T06:17:58,97.9,poste-05
2026-10-06T06:17:59,94.1,poste-08
2026-10-06T06:18:00,89.2,poste-06
2026-10-06T06:18:01,90.5,poste-01
2026-10-06T06:18:02,34.3,poste-11
2026-10-06T06:18:03,82.6,poste-14
2026-10-06T06:18:04,84.2,poste-08
2026-10-06T06:18:05,41.3,poste-04
2026-10-06T06:18:06,50.6,poste-02
2026-10-06T06:18:07,88.7,poste-08
2026-10-06T06:18:08,36.0,poste-15
2026-10-06T06:18:09,48.0,poste-08
2026-10-06T06:19:10,37.8,poste-07
2026-10-06T06:19:11,51.9,poste-09
2026-10-06T06:19:12,89.1,poste-09
2026-10-06T06:19:13,48.1,poste-17
2026-10-06T06:19:14,52.0,poste-18
2026-10-06T06:19:15,46.5,poste-01
2026-10-06T06:19:16,29.2,poste-09
2026-10-06T06:19:17,34.3,poste-09
2026-10-06T06:19:18,23.1,poste-20
2026-10-06T06:19:19,54.8,poste-11
2026-10-06T06:20:20,54.9,poste-17
2026-10-06T06:20:21,29.3,poste-19
2026-10-06T06:20:22,35.2,poste-02
2026-10-06T06:20:23,76.7,poste-01
2026-10-06T06:20:24,61.6,poste-18
2026-10-06T06:20:25,74.9,poste-07
2026-10-06T06:20:26,49.1,poste-03
2026-10-06T06:20:27,95.9,poste-11
2026-10-06T06:20:28,69.9,poste-04
2026-10-06T06:20:29,77.6,poste-10
2026-10-06T06:21:30,60.6,poste-14
2026-10-06T06:21:31,46.1,poste-10
2026-10-06T06:21:32,64.4,poste-07
2026-10-06T06:21:33,53.6,poste-13
2026-10-06T06:21:34,74.2,poste-06
2026-10-06T06:21:35,69.2,poste-10
2026-10-06T06:21:36,52.5,poste-01
2026-10-06T06:21:37,44.3,poste-07
2026-10-06T06:21:38,54.4,poste-19
2026-10-06T06:21:39,68.5,poste-11
2026-10-06T06:22:40,57.2,poste-15
2026-10-06T06:22:41,74.1,poste-17
2026-10-06T06:22:42,57.9,poste-06
2026-10-06T06:22:43,72.7,poste-10
2026-10-06T06:22:44,61.2,poste-20
2026-10-06T06:22:45,46.8,poste-08
2026-10-06T06:22:46,73.8,poste-08
2026-10-06T06:22:47,84.5,poste-05
2026-10-06T06:22:48,22.0,poste-08
2026-10-06T06:22:49,98.7,poste-20
2026-10-06T06:23:50,88.0,poste-03
2026-10-06T06:23:51,56.4,poste-19
2026-10-06T06:23:52,35.6,poste-13
2026-10-06T06:23:53,59.6,poste-08
2026-10-06T06:23:54,31.8,poste-01
2026-10-06T06:23:55,91.4,poste-04
2026-10-06T06:23:56,82.3,poste-08
2026-10-06T06:23:57,34.1,poste-17
2026-10-06T06:23:58,57.2,poste-18
2026-10-06T06:23:59,39.9,poste-04
2026-10-06T06:24:00,56.5,poste-15
2026-10-06T06:24:01,73.4,poste-18
2026-10-06T06:24:02,67.6,poste-15
2026-10-06T06:24:03,69.0,poste-17
2026-10-06T06:24:04,54.1,poste-18
2026-10-06T06:24:05,55.7,poste-06
2026-10-06T06:24:06,79.5,poste-16
2026-10-06T06:24:07,56.0,poste-08
2026-10-06T06:24:08,87.2,poste-09
2026-10-06T06:24:09,81.3,poste-17
2026-10-06T06:25:10,58.8,poste-08
2026-10-06T06:25:11,42.0,poste-03
2026-10-06T06:25:12,77.1,poste-08
2026-10-06T06:25:13,41.7,poste-11
2026-10-06T06:25:14,91.4,poste-03
2026-10-06T06:25:15,31.1,poste-08
2026-10-06T06:25:16,50.6,poste-05
2026-10-06T06:25:17,76.5,poste-03
2026-10-06T06:25:18,53.2,poste-11
2026-10-06T06:25:19,63.4,poste-14
2026-10-06T06:26:20,25.0,poste-14
2026-10-06T06:26:21,51.2,poste-19
2026-10-06T06:26:22,95.7,poste-01
2026-10-06T06:26:23,88.5,poste-19
2026-10-06T06:26:24,50.4,poste-01
2026-10-06T06:26:25,95.4,poste-10
2026-10-06T06:26:26,80.3,poste-14
2026-10-06T06:26:27,63.1,poste-18
2026-10-06T06:26:28,84.0,poste-08
2026-10-06T06:26:29,59.1,poste-09
2026-10-06T06:27:30,54.9,poste-01
2026-10-06T06:27:31,51.1,poste-13
2026-10-06T06:27:32,77.9,poste-15
2026-10-06T06:27:33,93.6,poste-20
2026-10-06T06:27:34,62.7,poste-13
2026-10-06T06:27:35,67.4,poste-01
2026-10-06T06:27:36,26.7,poste-14
2026-10-06T06:27:37,30.9,poste-15
2026-10-06T06:27:38,34.5,poste-09
2026-10-06T06:27:39,50.3,poste-07
2026-10-06T06:28:40,56.4,poste-11
2026-10-06T06:28:41,80.9,poste-13
2026-10-06T06:28:42,42.3,poste-14
2026-10-06T06:28:43,40.2,poste-03
2026-10-06T06:28:44,57.6,poste-18
2026-10-06T06:28:45,24.2,poste-12
2026-10-06T06:28:46,37.9,poste-03
2026-10-06T06:28:47,82.5,poste-02
2026-10-06T06:28:48,80.3,poste-08
2026-10-06T06:28:49,35.9,poste-01
2026-10-06T06:29:50,69.7,poste-08
2026-10-06T06:29:51,30.1,poste-04
2026-10-06T06:29:52,65.1,poste-07
2026-10-06T06:29:53,57.2,poste-09
2026-10-06T06:29:54,81.4,poste-06
2026-10-06T06:29:55,68.5,poste-04
2026-10-06T06:29:56,82.2,poste-06
2026-10-06T06:29:57,97.2,poste-04
2026-10-06T06:29:58,66.3,poste-10
2026-10-06T06:29:59,66.1,poste-13
2026-10-06T06:30:00,51.7,poste-07
2026-10-06T06:30:01,26.1,poste-08
2026-10-06T06:30:02,28.2,poste-10
2026-10-06T06:30:03,88.0,poste-20
2026-10-06T06:30:04,84.4,poste-19
2026-10-06T06:30:05,82.6,poste-12
2026-10-06T06:30:06,62.6,poste-12
2026-10-06T06:30:07,25.5,poste-11
2026-10-06T06:30:08,21.0,poste-14
2026-10-06T06:30:09,85.8,poste-04
2026-10-06T06:31:10,54.7,poste-12
2026-10-06T06:31:11,70.8,poste-15
2026-10-06T06:31:12,76.6,poste-14
2026-10-06T06:31:13,34.1,poste-17
2026-10-06T06:31:14,97.2,poste-09
2026-10-06T06:31:15,69.3,poste-18
2026-10-06T06:31:16,82.0,poste-15
2026-10-06T06:31:17,54.8,poste-19
2026-10-06T06:31:18,41.5,poste-08
2026-10-06T06:31:19,86.5,poste-03
2026-10-06T06:32:20,42.3,poste-15
2026-10-06T06:32:21,39.5,poste-15
2026-10-06T06:32:22,65.6,poste-13
2026-10-06T06:32:23,46.9,poste-16
2026-10-06T06:32:24,88.1,poste-06
2026-10-06T06:32:25,59.0,poste-12
2026-10-06T06:32:26,83.8,poste-11
2026-10-06T06:32:27,42.4,poste-20
2026-10-06T06:32:28,76.1,poste-09
2026-10-06T06:32:29,64.5,poste-17
2026-10-06T06:33:30,95.8,poste-03
2026-10-06T06:33:31,39.3,poste-14
2026-10-06T06:33:32,59.1,poste-08
2026-10-06T06:33:33,75.2,poste-16
2026-10-06T06:33:34,55.9,poste-01
2026-10-06T06:33:35,27.4,poste-08
2026-10-06T06:33:36,52.4,poste-08
2026-10-06T06:33:37,44.5,poste-19
2026-10-06T06:33:38,49.5,poste-18
2026-10-06T06:33:39,62.5,poste-14
2026-10-06T06:34:40,99.7,poste-18
2026-10-06T06:34:41,46.5,poste-15
2026-10-06T06:34:42,41.7,poste-09
2026-10-06T06:34:43,38.4,poste-07
2026-10-06T06:34:44,45.2,poste-18
2026-10-06T06:34:45,96.1,poste-06
2026-10-06T06:34:46,35.3,poste-16
2026-10-06T06:34:47,42.1,poste-19
2026-10-06T06:34:48,98.1,poste-17
2026-10-06T06:34:49,67.7,poste-04
2026-10-06T06:35:50,86.6,poste-10
2026-10-06T06:35:51,38.2,poste-06
2026-10-06T06:35:52,44.2,poste-18
2026-10-06T06:35:53,30.1,poste-02
2026-10-06T06:35:54,97.9,poste-18
2026-10-06T06:35:55,43.4,poste-05
2026-10-06T06:35:56,71.0,poste-16
2026-10-06T06:35:57,28.2,poste-01
2026-10-06T06:35:58,65.9,poste-16
2026-10-06T06:35:59,58.3,poste-11
2026-10-06T06:36:00,34.7,poste-02
2026-10-06T06:36:01,40.2,poste-16
2026-10-06T06:36:02,29.1,poste-03
2026-10-06T06:36:03,52.1,poste-03
2026-10-06T06:36:04,66.2,poste-02
2026-10-06T06:36:05,32.1,poste-19
2026-10-06T06:36:06,95.9,poste-03
2026-10-06T06:36:07,99.5,poste-04
2026-10-06T06:36:08,64.6,poste-14
2026-10-06T06:36:09,68.5,poste-20
2026-10-06T06:37:10,38.1,poste-17
2026-10-06T06:37:11,50.4,poste-15
2026-10-06T06:37:12,43.8,poste-19
2026-10-06T06:37:13,99.2,poste-10
2026-10-06T06:37:14,65.5,poste-02
2026-10-06T06:37:15,68.8,poste-04
2026-10-06T06:37:16,95.8,poste-07
2026-10-06T06:37:17,70.0,poste-09
2026-10-06T06:37:18,72.8,poste-06
2026-10-06T06:37:19,39.2,poste-18
2026-10-06T06:38:20,26.0,poste-01
2026-10-06T06:38:21,52.7,poste-20
2026-10-06T06:38:22,57.6,poste-02
2026-10-06T06:38:23,38.5,poste-10
2026-10-06T06:38:24,76.2,poste-15
2026-10-06T06:38:25,25.7,poste-08
2026-10-06T06:38:26,93.9,poste-19
2026-10-06T06:38:27,72.9,poste-07
2026-10-06T06:38:28,54.0,poste-18
2026-10-06T06:38:29,38.0,poste-05
2026-10-06T06:39:30,92.7,poste-05
2026-10-06T06:39:31,25.7,poste-06
2026-10-06T06:39:32,83.4,poste-20
2026-10-06T06:39:33,79.9,poste-19
2026-10-06T06:39:34,93.7,poste-15
2026-10-06T06:39:35,29.9,poste-10
2026-10-06T06:39:36,76.0,poste-09
2026-10-06T06:39:37,60.0,poste-16
2026-10-06T06:39:38,55.0,poste-20
2026-10-06T06:39:39,23.2,poste-14
2026-10-06T06:40:40,78.8,poste-20
2026-10-06T06:40:41,40.0,poste-03
2026-10-06T06:40:42,38.3,poste-19
2026-10-06T06:40:43,67.0,poste-01
2026-10-06T06:40:44,100.0,poste-09
2026-10-06T06:40:45,66.1,poste-06
2026-10-06T06:40:46,57.6,poste-15
2026-10-06T06:40:47,93.3,poste-06
2026-10-06T06:40:48,99.8,poste-14
2026-10-06T06:40:49,70.8,poste-16
2026-10-06T06:41:50,97.5,poste-16
2026-10-06T06:41:51,47.8,poste-11
2026-10-06T06:41:52,45.7,poste-04
2026-10-06T06:41:53,88.6,poste-11
2026-10-06T06:41:54,52.9,poste-16
2026-10-06T06:41:55,43.1,poste-13
2026-10-06T06:41:56,85.1,poste-18
2026-10-06T06:41:57,22.9,poste-03
2026-10-06T06:41:58,45.2,poste-11
2026-10-06T06:41:59,29.3,poste-13
2026-10-06T06:42:00,89.2,poste-01
2026-10-06T06:42:01,72.6,poste-18
2026-10-06T06:42:02,57.0,poste-02
2026-10-06T06:42:03,35.0,poste-12
2026-10-06T06:42:04,69.8,poste-16
2026-10-06T06:42:05,70.0,poste-02
2026-10-06T06:42:06,36.3,poste-18
2026-10-06T06:42:07,30.5,poste-10
2026-10-06T06:42:08,55.0,poste-16
2026-10-06T06:42:09,29.7,poste-20
2026-10-06T06:43:10,83.9,poste-06
2026-10-06T06:43:11,44.9,poste-01
2026-10-06T06:43:12,64.2,poste-03
2026-10-06T06:43:13,38.0,poste-04
2026-10-06T06:43:14,56.9,poste-04
2026-10-06T06:43:15,71.8,poste-05
2026-10-06T06:43:16,59.9,poste-10
2026-10-06T06:43:17,60.7,poste-09
2026-10-06T06:43:18,53.2,poste-16
2026-10-06T06:43:19,98.4,poste-08
2026-10-06T06:44:20,56.5,poste-05
2026-10-06T06:44:21,50.7,poste-20
2026-10-06T06:44:22,60.7,poste-05
2026-10-06T06:44:23,89.1,poste-09
2026-10-06T06:44:24,81.8,poste-14
2026-10-06T06:44:25,47.2,poste-17
2026-10-06T06:44:26,41.4,poste-01
2026-10-06T06:44:27,42.6,poste-10
2026-10-06T06:44:28,87.0,poste-19
2026-10-06T06:44:29,99.9,poste-16
2026-10-06T06:45:30,89.2,poste-15
2026-10-06T06:45:31,63.1,poste-12
2026-10-06T06:45:32,46.6,poste-18
2026-10-06T06:45:33,50.2,poste-11
2026-10-06T06:45:34,89.6,poste-08
2026-10-06T06:45:35,65.7,poste-08
2026-10-06T06:45:36,88.5,poste-14
2026-10-06T06:45:37,23.5,poste-16
2026-10-06T06:45:38,76.4,poste-13
2026-10-06T06:45:39,50.9,poste-05
2026-10-06T06:46:40,59.6,poste-02
2026-10-06T06:46:41,30.1,poste-19
2026-10-06T06:46:42,46.6,poste-04
2026-10-06T06:46:43,89.9,poste-15
2026-10-06T06:46:44,28.0,poste-15
2026-10-06T06:46:45,21.2,poste-05
2026-10-06T06:46:46,52.8,poste-05
2026-10-06T06:46:47,26.0,poste-09
2026-10-06T06:46:48,47.1,poste-13
2026-10-06T06:46:49,72.0,poste-11
2026-10-06T06:47:50,88.2,poste-18
2026-10-06T06:47:51,50.4,poste-11
2026-10-06T06:47:52,70.1,poste-16
2026-10-06T06:47:53,89.8,poste-02
2026-10-06T06:47:54,69.4,poste-08
2026-10-06T06:47:55,70.5,poste-10
2026-10-06T06:47:56,99.8,poste-03
2026-10-06T06:47:57,54.7,poste-04
2026-10-06T06:47:58,80.8,poste-04
2026-10-06T06:47:59,55.5,poste-10
2026-10-06T06:48:00,92.3,poste-02
2026-10-06T06:48:01,45.9,poste-02
2026-10-06T06:48:02,43.5,poste-12
2026-10-06T06:48:03,54.5,poste-08
2026-10-06T06:48:04,62.5,poste-19
2026-10-06T06:48:05,74.5,poste-06
2026-10-06T06:48:06,33.6,poste-03
2026-10-06T06:48:07,68.8,poste-13
2026-10-06T06:48:08,69.6,poste-08
2026-10-06T06:48:09,59.8,poste-19
2026-10-06T06:49:10,31.4,poste-15
2026-10-06T06:49:11,71.0,poste-15
2026-10-06T06:49:12,40.4,poste-01
2026-10-06T06:49:13,91.9,poste-15
2026-10-06T06:49:14,92.1,poste-18
2026-10-06T06:49:15,32.6,poste-15
2026-10-06T06:49:16,95.6,poste-19
2026-10-06T06:49:17,43.9,poste-14
2026-10-06T06:49:18,75.2,poste-15
2026-10-06T06:49:19,87.6,poste-07
2026-10-06T06:50:20,99.9,poste-16
2026-10-06T06:50:21,28.5,poste-13
2026-10-06T06:50:22,65.8,poste-19
2026-10-06T06:50:23,43.7,poste-10
2026-10-06T06:50:24,21.8,poste-13
2026-10-06T06:50:25,42.0,poste-19
2026-10-06T06:50:26,89.2,poste-02
2026-10-06T06:50:27,92.8,poste-16
2026-10-06T06:50:28,86.6,poste-10
2026-10-06T06:50:29,82.1,poste-08
2026-10-06T06:51:30,68.6,poste-12
2026-10-06T06:51:31,37.5,poste-07
2026-10-06T06:51:32,69.7,poste-05
2026-10-06T06:51:33,70.3,poste-02
2026-10-06T06:51:34,44.7,poste-15
2026-10-06T06:51:35,22.7,poste-12
2026-10-06T06:51:36,78.6,poste-03
2026-10-06T06:51:37,92.8,poste-11
2026-10-06T06:51:38,79.8,poste-06
2026-10-06T06:51:39,36.1,poste-18
2026-10-06T06:52:40,90.1,poste-12
2026-10-06T06:52:41,62.5,poste-09
2026-10-06T06:52:42,86.4,poste-09
2026-10-06T06:52:43,93.1,poste-16
2026-10-06T06:52:44,97.4,poste-10
2026-10-06T06:52:45,79.7,poste-11
2026-10-06T06:52:46,84.3,poste-15
2026-10-06T06:52:47,97.0,poste-05
2026-10-06T06:52:48,80.3,poste-08
2026-10-06T06:52:49,88.8,poste-13
2026-10-06T06:53:50,97.4,poste-18
2026-10-06T06:53:51,49.3,poste-13
2026-10-06T06:53:52,21.1,poste-18
2026-10-06T06:53:53,29.9,poste-12
2026-10-06T06:53:54,73.8,poste-09
2026-10-06T06:53:55,66.8,poste-12
2026-10-06T06:53:56,28.7,poste-08
2026-10-06T06:53:57,57.7,poste-20
2026-10-06T06:53:58,90.7,poste-18
2026-10-06T06:53:59,46.2,poste-20
2026-10-06T06:54:00,37.7,poste-03
2026-10-06T06:54:01,70.8,poste-15
2026-10-06T06:54:02,92.8,poste-10
2026-10-06T06:54:03,71.9,poste-04
2026-10-06T06:54:04,31.2,poste-02
2026-10-06T06:54:05,44.3,poste-16
2026-10-06T06:54:06,29.3,poste-08
2026-10-06T06:54:07,91.0,poste-05
2026-10-06T06:54:08,51.1,poste-12
2026-10-06T06:54:09,73.6,poste-18
2026-10-06T06:55:10,53.5,poste-05
2026-10-06T06:55:11,90.8,poste-04
2026-10-06T06:55:12,86.7,poste-20
2026-10-06T06:55:13,52.6,poste-09
2026-10-06T06:55:14,22.6,poste-12
2026-10-06T06:55:15,37.4,poste-15
2026-10-06T06:55:16,96.0,poste-12
2026-10-06T06:55:17,27.9,poste-12
2026-10-06T06:55:18,63.6,poste-12
2026-10-06T06:55:19,24.8,poste-09
2026-10-06T06:56:20,35.2,poste-04
2026-10-06T06:56:21,95.9,poste-15
2026-10-06T06:56:22,27.3,poste-07
2026-10-06T06:56:23,71.3,poste-20
2026-10-06T06:56:24,97.7,poste-02
2026-10-06T06:56:25,82.9,poste-08
2026-10-06T06:56:26,99.1,poste-19
2026-10-06T06:56:27,36.4,poste-18
2026-10-06T06:56:28,36.6,poste-07
2026-10-06T06:56:29,85.0,poste-08
2026-10-06T06:57:30,46.3,poste-05
2026-10-06T06:57:31,83.1,poste-20
2026-10-06T06:57:32,20.2,poste-05
2026-10-06T06:57:33,99.0,poste-18
2026-10-06T06:57:34,40.1,poste-06
2026-10-06T06:57:35,28.8,poste-01
2026-10-06T06:57:36,30.5,poste-12
2026-10-06T06:57:37,83.2,poste-08
2026-10-06T06:57:38,67.1,poste-01
2026-10-06T06:57:39,33.9,poste-02
2026-10-06T06:58:40,30.1,poste-14
2026-10-06T06:58:41,62.1,poste-03
2026-10-06T06:58:42,58.1,poste-12
2026-10-06T06:58:43,61.1,poste-04
2026-10-06T06:58:44,56.2,poste-08
2026-10-06T06:58:45,95.6,poste-02
2026-10-06T06:58:46,78.2,poste-17
2026-10-06T06:58:47,44.1,poste-01
2026-10-06T06:58:48,24.9,poste-16
2026-10-06T06:58:49,87.8,poste-14
2026-10-06T06:59:50,74.9,poste-16
2026-10-06T06:59:51,77.0,poste-15
2026-10-06T06:59:52,25.9,poste-03
2026-10-06T06:59:53,45.8,poste-05
2026-10-06T06:59:54,25.3,poste-09
2026-10-06T06:59:55,69.9,poste-19
2026-10-06T06:59:56,63.9,poste-11
2026-10-06T06:59:57,50.5,poste-20
2026-10-06T06:59:58,62.4,poste-15
2026-10-06T06:59:59,60.4,poste-14
2026-10-06T07:00:00,27.9,poste-04
2026-10-06T07:00:01,88.2,poste-18
2026-10-06T07:00:02,77.7,poste-07
2026-10-06T07:00:03,54.4,poste-08
2026-10-06T07:00:04,53.1,poste-15
2026-10-06T07:00:05,51.9,poste-04
2026-10-06T07:00:06,45.0,poste-11
2026-10-06T07:00:07,73.2,poste-12
2026-10-06T07:00:08,96.3,poste-16
2026-10-06T07:00:09,25.4,poste-03
2026-10-06T07:01:10,27.5,poste-04
2026-10-06T07:01:11,79.6,poste-12
2026-10-06T07:01:12,84.9,poste-18
2026-10-06T07:01:13,24.8,poste-18
2026-10-06T07:01:14,64.9,poste-04
2026-10-06T07:01:15,52.9,poste-14
2026-10-06T07:01:16,89.4,poste-02
2026-10-06T07:01:17,97.5,poste-20
2026-10-06T07:01:18,45.0,poste-04
2026-10-06T07:01:19,66.2,poste-07
2026-10-06T07:02:20,32.4,poste-16
2026-10-06T07:02:21,37.9,poste-04
2026-10-06T07:02:22,48.0,poste-18
2026-10-06T07:02:23,49.4,poste-09
2026-10-06T07:02:24,65.9,poste-14
2026-10-06T07:02:25,87.6,poste-20
2026-10-06T07:02:26,69.1,poste-18
2026-10-06T07:02:27,22.1,poste-09
2026-10-06T07:02:28,22.3,poste-09
2026-10-06T07:02:29,76.2,poste-10
2026-10-06T07:03:30,93.7,poste-12
2026-10-06T07:03:31,20.5,poste-05
2026-10-06T07:03:32,65.3,poste-13
2026-10-06T07:03:33,25.6,poste-01
2026-10-06T07:03:34,27.3,poste-17
2026-10-06T07:03:35,37.2,poste-14
2026-10-06T07:03:36,56.3,poste-06
2026-10-06T07:03:37,49.6,poste-11
2026-10-06T07:03:38,82.1,poste-19
2026-10-06T07:03:39,67.7,poste-02
2026-10-06T07:04:40,32.4,poste-20
2026-10-06T07:04:41,24.0,poste-03
2026-10-06T07:04:42,41.8,poste-14
2026-10-06T07:04:43,58.9,poste-15
2026-10-06T07:04:44,53.1,poste-07
2026-10-06T07:04:45,80.4,poste-04
2026-10-06T07:04:46,47.6,poste-04
2026-10-06T07:04:47,42.7,poste-19
2026-10-06T07:04:48,58.9,poste-10
2026-10-06T07:04:49,23.6,poste-13
2026-10-06T07:05:50,98.8,poste-02
2026-10-06T07:05:51,20.6,poste-10
2026-10-06T07:05:52,95.6,poste-05
2026-10-06T07:05:53,81.1,poste-10
2026-10-06T07:05:54,46.2,poste-01
2026-10-06T07:05:55,59.8,poste-14
2026-10-06T07:05:56,34.1,poste-13
2026-10-06T07:05:57,62.6,poste-08
2026-10-06T07:05:58,60.0,poste-12
2026-10-06T07:05:59,25.8,poste-02
2026-10-06T07:06:00,54.9,poste-15
2026-10-06T07:06:01,93.7,poste-11
2026-10-06T07:06:02,66.1,poste-19
2026-10-06T07:06:03,52.4,poste-14
2026-10-06T07:06:04,43.2,poste-13
2026-10-06T07:06:05,21.7,poste-11
2026-10-06T07:06:06,33.7,poste-20
2026-10-06T07:06:07,56.8,poste-12
2026-10-06T07:06:08,27.1,poste-04
2026-10-06T07:06:09,39.5,poste-19
2026-10-06T07:07:10,52.0,poste-03
2026-10-06T07:07:11,51.7,poste-10
2026-10-06T07:07:12,79.7,poste-08
2026-10-06T07:07:13,46.6,poste-06
2026-10-06T07:07:14,26.1,poste-04
2026-10-06T07:07:15,62.4,poste-07
2026-10-06T07:07:16,92.5,poste-12
2026-10-06T07:07:17,48.1,poste-05
2026-10-06T07:07:18,38.9,poste-05
2026-10-06T07:07:19,40.5,poste-06
2026-10-06T07:08:20,68.2,poste-03
2026-10-06T07:08:21,34.2,poste-16
2026-10-06T07:08:22,57.1,poste-19
2026-10-06T07:08:23,80.8,poste-15
2026-10-06T07:08:24,74.5,poste-19
2026-10-06T07:08:25,71.4,poste-20
2026-10-06T07:08:26,45.9,poste-11
2026-10-06T07:08:27,32.1,poste-03
2026-10-06T07:08:28,57.5,poste-10
2026-10-06T07:08:29,83.7,poste-19
2026-10-06T07:09:30,24.5,poste-17
2026-10-06T07:09:31,25.9,poste-15
2026-10-06T07:09:32,56.2,poste-02
2026-10-06T07:09:33,49.5,poste-10
2026-10-06T07:09:34,26.1,poste-03
2026-10-06T07:09:35,69.2,poste-17
2026-10-06T07:09:36,50.8,poste-19
2026-10-06T07:09:37,64.3,poste-02
2026-10-06T07:09:38,56.0,poste-19
2026-10-06T07:09:39,72.1,poste-11
2026-10-06T07:10:40,68.4,poste-17
2026-10-06T07:10:41,32.1,poste-02
2026-10-06T07:10:42,56.0,poste-11
2026-10-06T07:10:43,98.6,poste-03
2026-10-06T07:10:44,60.4,poste-06
2026-10-06T07:10:45,23.1,poste-15
2026-10-06T07:10:46,99.3,poste-17
2026-10-06T07:10:47,61.8,poste-06
2026-10-06T07:10:48,49.1,poste-10
2026-10-06T07:10:49,51.0,poste-11
2026-10-06T07:11:50,74.3,poste-02
2026-10-06T07:11:51,83.1,poste-11
2026-10-06T07:11:52,25.3,poste-04
2026-10-06T07:11:53,64.6,poste-13
2026-10-06T07:11:54,42.7,poste-20
2026-10-06T07:11:55,89.9,poste-11
2026-10-06T07:11:56,26.5,poste-05
2026-10-06T07:11:57,93.3,poste-10
2026-10-06T07:11:58,97.4,poste-13
2026-10-06T07:11:59,30.3,poste-03
2026-10-06T07:12:00,44.8,poste-13
2026-10-06T07:12:01,71.5,poste-11
2026-10-06T07:12:02,85.1,poste-17
2026-10-06T07:12:03,27.5,poste-14
2026-10-06T07:12:04,60.7,poste-01
2026-10-06T07:12:05,49.0,poste-06
2026-10-06T07:12:06,96.1,poste-11
2026-10-06T07:12:07,95.8,poste-16
2026-10-06T07:12:08,35.4,poste-05
2026-10-06T07:12:09,32.4,poste-10
2026-10-06T07:13:10,87.6,poste-04
2026-10-06T07:13:11,60.6,poste-18
2026-10-06T07:13:12,86.8,poste-17
2026-10-06T07:13:13,23.0,poste-11
2026-10-06T07:13:14,90.1,poste-20
2026-10-06T07:13:15,30.5,poste-13
2026-10-06T07:13:16,32.3,poste-06
2026-10-06T07:13:17,86.5,poste-20
2026-10-06T07:13:18,84.7,poste-06
2026-10-06T07:13:19,77.7,poste-02
2026-10-06T07:14:20,52.9,poste-08
2026-10-06T07:14:21,97.6,poste-20
2026-10-06T07:14:22,42.8,poste-15
2026-10-06T07:14:23,38.7,poste-08
2026-10-06T07:14:24,44.8,poste-16
2026-10-06T07:14:25,92.3,poste-07
2026-10-06T07:14:26,49.4,poste-19
2026-10-06T07:14:27,98.8,poste-15
2026-10-06T07:14:28,81.6,poste-13
2026-10-06T07:14:29,60.2,poste-14
2026-10-06T07:15:30,97.3,poste-07
2026-10-06T07:15:31,84.1,poste-05
2026-10-06T07:15:32,89.8,poste-02
2026-10-06T07:15:33,71.3,poste-12
2026-10-06T07:15:34,64.4,poste-04
2026-10-06T07:15:35,76.9,poste-17
2026-10-06T07:15:36,88.1,poste-10
2026-10-06T07:15:37,26.7,poste-06
2026-10-06T07:15:38,41.8,poste-17
2026-10-06T07:15:39,31.8,poste-14
2026-10-06T07:16:40,27.3,poste-08
2026-10-06T07:16:41,85.3,poste-12
2026-10-06T07:16:42,94.4,poste-14
2026-10-06T07:16:43,24.3,poste-17
2026-10-06T07:16:44,49.9,poste-13
2026-10-06T07:16:45,99.6,poste-12
2026-10-06T07:16:46,38.0,poste-11
2026-10-06T07:16:47,94.5,poste-11
2026-10-06T07:16:48,83.3,poste-05
2026-10-06T07:16:49,23.1,poste-16
2026-10-06T07:17:50,75.7,poste-05
2026-10-06T07:17:51,80.7,poste-16
2026-10-06T07:17:52,55.9,poste-01
2026-10-06T07:17:53,92.5,poste-01
2026-10-06T07:17:54,40.5,poste-05
2026-10-06T07:17:55,63.9,poste-20
2026-10-06T07:17:56,62.2,poste-04
2026-10-06T07:17:57,82.1,poste-08
2026-10-06T07:17:58,44.1,poste-02
2026-10-06T07:17:59,39.1,poste-20
2026-10-06T07:18:00,56.6,poste-04
2026-10-06T07:18:01,86.9,poste-16
2026-10-06T07:18:02,67.7,poste-01
2026-10-06T07:18:03,70.6,poste-19
2026-10-06T07:18:04,39.4,poste-05
2026-10-06T07:18:05,43.3,poste-01
2026-10-06T07:18:06,69.2,poste-08
2026-10-06T07:18:07,65.7,poste-06
2026-10-06T07:18:08,73.1,poste-03
2026-10-06T07:18:09,61.9,poste-12
2026-10-06T07:19:10,25.4,poste-17
2026-10-06T07:19:11,63.5,poste-17
2026-10-06T07:19:12,64.3,poste-13
2026-10-06T07:19:13,89.9,poste-02
2026-10-06T07:19:14,70.9,poste-12
2026-10-06T07:19:15,40.3,poste-01
2026-10-06T07:19:16,48.6,poste-03
2026-10-06T07:19:17,47.6,poste-04
2026-10-06T07:19:18,81.7,poste-11
2026-10-06T07:19:19,30.7,poste-12
2026-10-06T07:20:20,63.7,poste-06
2026-10-06T07:20:21,86.4,poste-15
2026-10-06T07:20:22,98.5,poste-16
2026-10-06T07:20:23,70.5,poste-05
2026-10-06T07:20:24,25.0,poste-15
2026-10-06T07:20:25,23.0,poste-07
2026-10-06T07:20:26,23.5,poste-07
2026-10-06T07:20:27,90.9,poste-11
2026-10-06T07:20:28,94.7,poste-17
2026-10-06T07:20:29,51.9,poste-18
2026-10-06T07:21:30,57.9,poste-02
2026-10-06T07:21:31,80.3,poste-07
2026-10-06T07:21:32,42.9,poste-02
2026-10-06T07:21:33,89.3,poste-11
2026-10-06T07:21:34,41.9,poste-12
2026-10-06T07:21:35,55.0,poste-13
2026-10-06T07:21:36,79.5,poste-13
2026-10-06T07:21:37,47.1,poste-06
2026-10-06T07:21:38,59.7,poste-16
2026-10-06T07:21:39,49.4,poste-17
2026-10-06T07:22:40,41.3,poste-03
2026-10-06T07:22:41,78.2,poste-03
2026-10-06T07:22:42,54.4,poste-06
2026-10-06T07:22:43,63.6,poste-11
2026-10-06T07:22:44,28.2,poste-11
2026-10-06T07:22:45,72.9,poste-10
2026-10-06T07:22:46,55.7,poste-14
2026-10-06T07:22:47,33.3,poste-15
2026-10-06T07:22:48,48.1,poste-02
2026-10-06T07:22:49,78.1,poste-12
2026-10-06T07:23:50,69.2,poste-14
2026-10-06T07:23:51,42.0,poste-02
2026-10-06T07:23:52,26.0,poste-13
2026-10-06T07:23:53,49.1,poste-06
2026-10-06T07:23:54,96.2,poste-05
2026-10-06T07:23:55,87.9,poste-15
2026-10-06T07:23:56,22.8,poste-03
2026-10-06T07:23:57,38.9,poste-12
2026-10-06T07:23:58,49.0,poste-19
2026-10-06T07:23:59,22.6,poste-05
2026-10-06T07:24:00,74.3,poste-12
2026-10-06T07:24:01,49.8,poste-03
2026-10-06T07:24:02,65.9,poste-17
2026-10-06T07:24:03,49.4,poste-11
2026-10-06T07:24:04,72.0,poste-08
2026-10-06T07:24:05,96.8,poste-01
2026-10-06T07:24:06,78.9,poste-16
2026-10-06T07:24:07,61.4,poste-18
2026-10-06T07:24:08,29.4,poste-09
2026-10-06T07:24:09,76.3,poste-07
2026-10-06T07:25:10,99.7,poste-10
2026-10-06T07:25:11,75.5,poste-16
2026-10-06T07:25:12,36.0,poste-05
2026-10-06T07:25:13,88.2,poste-15
2026-10-06T07:25:14,33.8,poste-15
2026-10-06T07:25:15,99.8,poste-11
2026-10-06T07:25:16,73.4,poste-03
2026-10-06T07:25:17,64.0,poste-10
2026-10-06T07:25:18,91.3,poste-06
2026-10-06T07:25:19,76.9,poste-06
2026-10-06T07:26:20,83.5,poste-17
2026-10-06T07:26:21,37.9,poste-07
2026-10-06T07:26:22,83.4,poste-08
2026-10-06T07:26:23,83.2,poste-01
2026-10-06T07:26:24,48.9,poste-19
2026-10-06T07:26:25,49.5,poste-18
2026-10-06T07:26:26,30.4,poste-03
2026-10-06T07:26:27,25.3,poste-13
2026-10-06T07:26:28,100.0,poste-16
2026-10-06T07:26:29,62.1,poste-14
2026-10-06T07:27:30,85.9,poste-03
2026-10-06T07:27:31,30.0,poste-11
2026-10-06T07:27:32,71.4,poste-15
2026-10-06T07:27:33,57.3,poste-17
2026-10-06T07:27:34,47.6,poste-18
2026-10-06T07:27:35,71.2,poste-06
2026-10-06T07:27:36,81.4,poste-05
2026-10-06T07:27:37,54.6,poste-02
2026-10-06T07:27:38,86.5,poste-17
2026-10-06T07:27:39,32.2,poste-06
2026-10-06T07:28:40,33.0,poste-08
2026-10-06T07:28:41,47.7,poste-17
2026-10-06T07:28:42,91.6,poste-03
2026-10-06T07:28:43,40.0,poste-18
2026-10-06T07:28:44,42.0,poste-10
2026-10-06T07:28:45,69.2,poste-03
2026-10-06T07:28:46,60.2,poste-06
2026-10-06T07:28:47,67.3,poste-19
2026-10-06T07:28:48,32.3,poste-20
2026-10-06T07:28:49,77.7,poste-20
2026-10-06T07:29:50,47.0,poste-19
2026-10-06T07:29:51,23.3,poste-01
2026-10-06T07:29:52,26.5,poste-19
2026-10-06T07:29:53,41.2,poste-07
2026-10-06T07:29:54,81.4,poste-14
2026-10-06T07:29:55,69.4,poste-01
2026-10-06T07:29:56,59.8,poste-18
2026-10-06T07:29:57,43.2,poste-10
2026-10-06T07:29:58,58.6,poste-13
2026-10-06T07:29:59,43.8,poste-03
2026-10-06T07:30:00,75.1,poste-06
2026-10-06T07:30:01,55.2,poste-16
2026-10-06T07:30:02,57.2,poste-11
2026-10-06T07:30:03,68.5,poste-11
2026-10-06T07:30:04,88.9,poste-11
2026-10-06T07:30:05,78.7,poste-12
2026-10-06T07:30:06,98.0,poste-05
2026-10-06T07:30:07,80.9,poste-17
2026-10-06T07:30:08,64.9,poste-11
2026-10-06T07:30:09,39.3,poste-04
2026-10-06T07:31:10,41.4,poste-08
2026-10-06T07:31:11,31.3,poste-02
2026-10-06T07:31:12,43.2,poste-13
2026-10-06T07:31:13,89.1,poste-14
2026-10-06T07:31:14,39.9,poste-06
2026-10-06T07:31:15,85.1,poste-19
2026-10-06T07:31:16,77.7,poste-07
2026-10-06T07:31:17,81.0,poste-16
2026-10-06T07:31:18,99.7,poste-15
2026-10-06T07:31:19,59.9,poste-10
2026-10-06T07:32:20,59.8,poste-03
2026-10-06T07:32:21,95.6,poste-17
2026-10-06T07:32:22,56.6,poste-08
2026-10-06T07:32:23,37.2,poste-12
2026-10-06T07:32:24,23.9,poste-10
2026-10-06T07:32:25,59.6,poste-16
2026-10-06T07:32:26,42.9,poste-01
2026-10-06T07:32:27,87.8,poste-14
2026-10-06T07:32:28,30.7,poste-09
2026-10-06T07:32:29,78.2,poste-13
2026-10-06T07:33:30,49.3,poste-13
2026-10-06T07:33:31,24.1,poste-18
2026-10-06T07:33:32,35.6,poste-18
2026-10-06T07:33:33,43.1,poste-13
2026-10-06T07:33:34,60.3,poste-18
2026-10-06T07:33:35,42.4,poste-20
2026-10-06T07:33:36,74.4,poste-04
2026-10-06T07:33:37,30.3,poste-04
2026-10-06T07:33:38,51.5,poste-11
2026-10-06T07:33:39,64.6,poste-12
2026-10-06T07:34:40,80.4,poste-07
2026-10-06T07:34:41,68.2,poste-13
2026-10-06T07:34:42,60.0,poste-02
2026-10-06T07:34:43,23.1,poste-11
2026-10-06T07:34:44,84.3,poste-17
2026-10-06T07:34:45,56.6,poste-20
2026-10-06T07:34:46,91.5,poste-05
2026-10-06T07:34:47,46.2,poste-20
2026-10-06T07:34:48,45.5,poste-13
2026-10-06T07:34:49,99.2,poste-10
2026-10-06T07:35:50,67.5,poste-17
2026-10-06T07:35:51,86.3,poste-18
2026-10-06T07:35:52,59.2,poste-19
2026-10-06T07:35:53,44.0,poste-01
2026-10-06T07:35:54,49.5,poste-04
2026-10-06T07:35:55,98.4,poste-19
2026-10-06T07:35:56,44.6,poste-01
2026-10-06T07:35:57,67.8,poste-09
2026-10-06T07:35:58,97.4,poste-19
2026-10-06T07:35:59,66.2,poste-02
2026-10-06T07:36:00,66.7,poste-06
2026-10-06T07:36:01,61.9,poste-20
2026-10-06T07:36:02,82.0,poste-13
2026-10-06T07:36:03,31.8,poste-08
2026-10-06T07:36:04,22.5,poste-04
2026-10-06T07:36:05,35.3,poste-15
2026-10-06T07:36:06,45.1,poste-05
2026-10-06T07:36:07,53.0,poste-07
2026-10-06T07:36:08,52.8,poste-20
2026-10-06T07:36:09,93.6,poste-02
2026-10-06T07:37:10,76.5,poste-17
2026-10-06T07:37:11,36.6,poste-11
2026-10-06T07:37:12,99.8,poste-16
2026-10-06T07:37:13,62.0,poste-11
2026-10-06T07:37:14,96.5,poste-15
2026-10-06T07:37:15,93.0,poste-11
2026-10-06T07:37:16,63.7,poste-09
2026-10-06T07:37:17,68.8,poste-07
2026-10-06T07:37:18,96.6,poste-09
2026-10-06T07:37:19,64.6,poste-08
2026-10-06T07:38:20,95.3,poste-10
2026-10-06T07:38:21,81.7,poste-07
2026-10-06T07:38:22,75.2,poste-16
2026-10-06T07:38:23,45.4,poste-12
2026-10-06T07:38:24,64.8,poste-09
2026-10-06T07:38:25,43.0,poste-19
2026-10-06T07:38:26,74.1,poste-13
2026-10-06T07:38:27,91.7,poste-13
2026-10-06T07:38:28,85.5,poste-05
2026-10-06T07:38:29,43.2,poste-10
2026-10-06T07:39:30,96.4,poste-03
2026-10-06T07:39:31,47.7,poste-15
2026-10-06T07:39:32,72.5,poste-16
2026-10-06T07:39:33,37.1,poste-18
2026-10-06T07:39:34,41.7,poste-18
2026-10-06T07:39:35,75.7,poste-05
2026-10-06T07:39:36,28.7,poste-19
2026-10-06T07:39:37,39.1,poste-02
2026-10-06T07:39:38,73.6,poste-17
2026-10-06T07:39:39,38.1,poste-08
2026-10-06T07:40:40,24.2,poste-14
2026-10-06T07:40:41,46.4,poste-16
2026-10-06T07:40:42,28.0,poste-05
2026-10-06T07:40:43,20.4,poste-18
2026-10-06T07:40:44,98.2,poste-06
2026-10-06T07:40:45,52.6,poste-16
2026-10-06T07:40:46,58.2,poste-07
2026-10-06T07:40:47,80.5,poste-10
2026-10-06T07:40:48,45.7,poste-02
2026-10-06T07:40:49,92.6,poste-03
2026-10-06T07:41:50,72.2,poste-08
2026-10-06T07:41:51,62.8,poste-02
2026-10-06T07:41:52,93.1,poste-06
2026-10-06T07:41:53,53.4,poste-06
2026-10-06T07:41:54,94.7,poste-02
2026-10-06T07:41:55,99.8,poste-13
2026-10-06T07:41:56,83.0,poste-06
2026-10-06T07:41:57,94.9,poste-10
2026-10-06T07:41:58,90.1,poste-01
2026-10-06T07:41:59,43.9,poste-20
2026-10-06T07:42:00,28.6,poste-11
2026-10-06T07:42:01,42.8,poste-18
2026-10-06T07:42:02,61.9,poste-05
2026-10-06T07:42:03,88.1,poste-15
2026-10-06T07:42:04,41.8,poste-04
2026-10-06T07:42:05,46.5,poste-15
2026-10-06T07:42:06,71.9,poste-06
2026-10-06T07:42:07,21.1,poste-11
2026-10-06T07:42:08,83.3,poste-19
2026-10-06T07:42:09,74.0,poste-07
2026-10-06T07:43:10,34.0,poste-13
2026-10-06T07:43:11,86.2,poste-17
2026-10-06T07:43:12,46.2,poste-13
2026-10-06T07:43:13,73.5,poste-06
2026-10-06T07:43:14,98.5,poste-16
2026-10-06T07:43:15,45.9,poste-08
2026-10-06T07:43:16,20.5,poste-13
2026-10-06T07:43:17,38.8,poste-09
2026-10-06T07:43:18,96.3,poste-10
2026-10-06T07:43:19,66.6,poste-19
2026-10-06T07:44:20,20.9,poste-12
2026-10-06T07:44:21,75.4,poste-02
2026-10-06T07:44:22,73.4,poste-15
2026-10-06T07:44:23,44.5,poste-13
2026-10-06T07:44:24,74.9,poste-10
2026-10-06T07:44:25,75.2,poste-10
2026-10-06T07:44:26,49.4,poste-08
2026-10-06T07:44:27,37.5,poste-05
2026-10-06T07:44:28,58.3,poste-15
2026-10-06T07:44:29,79.8,poste-20
2026-10-06T07:45:30,49.9,poste-18
2026-10-06T07:45:31,93.0,poste-18
2026-10-06T07:45:32,84.2,poste-07
2026-10-06T07:45:33,80.9,poste-20
2026-10-06T07:45:34,89.9,poste-03
2026-10-06T07:45:35,62.0,poste-17
2026-10-06T07:45:36,76.3,poste-03
2026-10-06T07:45:37,93.4,poste-04
2026-10-06T07:45:38,24.9,poste-18
2026-10-06T07:45:39,92.2,poste-07
2026-10-06T07:46:40,65.8,poste-05
2026-10-06T07:46:41,33.2,poste-17
2026-10-06T07:46:42,55.3,poste-07
2026-10-06T07:46:43,77.4,poste-16
2026-10-06T07:46:44,27.3,poste-17
2026-10-06T07:46:45,55.6,poste-02
2026-10-06T07:46:46,56.3,poste-17
2026-10-06T07:46:47,53.2,poste-19
2026-10-06T07:46:48,24.6,poste-15
2026-10-06T07:46:49,73.8,poste-10
2026-10-06T07:47:50,77.9,poste-13
2026-10-06T07:47:51,40.4,poste-01
2026-10-06T07:47:52,79.7,poste-19
2026-10-06T07:47:53,25.8,poste-14
2026-10-06T07:47:54,47.6,poste-03
2026-10-06T07:47:55,63.3,poste-02
2026-10-06T07:47:56,94.8,poste-03
2026-10-06T07:47:57,98.9,poste-16
2026-10-06T07:47:58,22.5,poste-14
2026-10-06T07:47:59,34.4,poste-05
2026-10-06T07:48:00,81.3,poste-14
2026-10-06T07:48:01,50.0,poste-13
2026-10-06T07:48:02,55.9,poste-13
2026-10-06T07:48:03,50.1,poste-18
2026-10-06T07:48:04,30.6,poste-12
2026-10-06T07:48:05,29.5,poste-18
2026-10-06T07:48:06,51.4,poste-05
2026-10-06T07:48:07,78.2,poste-08
2026-10-06T07:48:08,86.8,poste-01
2026-10-06T07:48:09,98.3,poste-15
2026-10-06T07:49:10,73.9,poste-18
2026-10-06T07:49:11,53.9,poste-13
2026-10-06T07:49:12,85.9,poste-08
2026-10-06T07:49:13,56.9,poste-05
2026-10-06T07:49:14,42.1,poste-04
2026-10-06T07:49:15,22.6,poste-14
2026-10-06T07:49:16,69.2,poste-01
2026-10-06T07:49:17,39.3,poste-03
2026-10-06T07:49:18,28.1,poste-02
2026-10-06T07:49:19,55.7,poste-02
2026-10-06T07:50:20,39.6,poste-02
2026-10-06T07:50:21,52.2,poste-08
2026-10-06T07:50:22,63.2,poste-02
2026-10-06T07:50:23,31.2,poste-10
2026-10-06T07:50:24,38.7,poste-19
2026-10-06T07:50:25,45.5,poste-20
2026-10-06T07:50:26,81.8,poste-11
2026-10-06T07:50:27,39.0,poste-05
2026-10-06T07:50:28,98.9,poste-17
2026-10-06T07:50:29,37.7,poste-10
2026-10-06T07:51:30,42.0,poste-18
2026-10-06T07:51:31,95.9,poste-06
2026-10-06T07:51:32,70.1,poste-14
2026-10-06T07:51:33,64.5,poste-02
2026-10-06T07:51:34,97.8,poste-13
2026-10-06T07:51:35,82.9,poste-11
2026-10-06T07:51:36,75.7,poste-14
2026-10-06T07:51:37,31.9,poste-13
2026-10-06T07:51:38,34.7,poste-18
2026-10-06T07:51:39,57.9,poste-08
2026-10-06T07:52:40,44.1,poste-05
2026-10-06T07:52:41,84.5,poste-02
2026-10-06T07:52:42,65.0,poste-14
2026-10-06T07:52:43,64.6,poste-05
2026-10-06T07:52:44,51.1,poste-09
2026-10-06T07:52:45,36.3,poste-03
2026-10-06T07:52:46,93.8,poste-12
2026-10-06T07:52:47,27.4,poste-07
2026-10-06T07:52:48,24.1,poste-13
2026-10-06T07:52:49,73.9,poste-20
2026-10-06T07:53:50,23.2,poste-03
2026-10-06T07:53:51,35.1,poste-19
2026-10-06T07:53:52,77.9,poste-18
2026-10-06T07:53:53,37.4,poste-07
2026-10-06T07:53:54,89.6,poste-11
2026-10-06T07:53:55,44.3,poste-01
2026-10-06T07:53:56,36.9,poste-07
2026-10-06T07:53:57,97.0,poste-04
2026-10-06T07:53:58,79.8,poste-16
2026-10-06T07:53:59,93.2,poste-20
2026-10-06T07:54:00,76.3,poste-13
2026-10-06T07:54:01,93.2,poste-18
2026-10-06T07:54:02,45.7,poste-10
2026-10-06T07:54:03,50.5,poste-18
2026-10-06T07:54:04,71.9,poste-10
2026-10-06T07:54:05,40.9,poste-17
2026-10-06T07:54:06,90.6,poste-15
2026-10-06T07:54:07,27.9,poste-16
2026-10-06T07:54:08,80.9,poste-11
2026-10-06T07:54:09,93.1,poste-12
2026-10-06T07:55:10,45.0,poste-02
2026-10-06T07:55:11,65.0,poste-08
2026-10-06T07:55:12,79.3,poste-01
2026-10-06T07:55:13,40.9,poste-19
2026-10-06T07:55:14,66.3,poste-14
2026-10-06T07:55:15,43.6,poste-07
2026-10-06T07:55:16,46.4,poste-13
2026-10-06T07:55:17,65.6,poste-08
2026-10-06T07:55:18,59.9,poste-11
2026-10-06T07:55:19,40.6,poste-16
2026-10-06T07:56:20,97.3,poste-16
2026-10-06T07:56:21,56.9,poste-12
2026-10-06T07:56:22,33.5,poste-18
2026-10-06T07:56:23,59.1,poste-18
2026-10-06T07:56:24,99.2,poste-02
2026-10-06T07:56:25,61.9,poste-03
2026-10-06T07:56:26,95.6,poste-02
2026-10-06T07:56:27,81.1,poste-14
2026-10-06T07:56:28,31.0,poste-08
2026-10-06T07:56:29,25.4,poste-05
2026-10-06T07:57:30,20.7,poste-17
2026-10-06T07:57:31,56.5,poste-02
2026-10-06T07:57:32,69.4,poste-20
2026-10-06T07:57:33,93.0,poste-16
2026-10-06T07:57:34,21.3,poste-18
2026-10-06T07:57:35,64.1,poste-01
2026-10-06T07:57:36,21.3,poste-09
2026-10-06T07:57:37,62.9,poste-10
2026-10-06T07:57:38,21.4,poste-14
2026-10-06T07:57:39,84.5,poste-06
2026-10-06T07:58:40,28.6,poste-04
2026-10-06T07:58:41,62.0,poste-08
2026-10-06T07:58:42,35.4,poste-17
2026-10-06T07:58:43,40.2,poste-12
2026-10-06T07:58:44,41.4,poste-13
2026-10-06T07:58:45,26.3,poste-13
2026-10-06T07:58:46,56.7,poste-08
2026-10-06T07:58:47,99.2,poste-08
2026-10-06T07:58:48,44.0,poste-03
2026-10-06T07:58:49,72.3,poste-02
2026-10-06T07:59:50,27.5,poste-13
2026-10-06T07:59:51,50.2,poste-16
2026-10-06T07:59:52,24.5,poste-01
2026-10-06T07:59:53,76.2,poste-03
2026-10-06T07:59:54,60.0,poste-14
2026-10-06T07:59:55,71.6,poste-11
2026-10-06T07:59:56,65.3,poste-04
2026-10-06T07:59:57,91.6,poste-02
2026-10-06T07:59:58,38.4,poste-19
2026-10-06T07:59:59,58.0,poste-02
2026-10-06T08:00:00,93.9,poste-09
2026-10-06T08:00:01,91.9,poste-19
2026-10-06T08:00:02,72.6,poste-06
2026-10-06T08:00:03,94.3,poste-11
2026-10-06T08:00:04,21.3,poste-07
2026-10-06T08:00:05,67.0,poste-13
2026-10-06T08:00:06,94.3,poste-10
2026-10-06T08:00:07,33.0,poste-08
2026-10-06T08:00:08,65.3,poste-13
2026-10-06T08:00:09,74.2,poste-18
2026-10-06T08:01:10,46.5,poste-05
2026-10-06T08:01:11,83.2,poste-03
2026-10-06T08:01:12,60.1,poste-12
2026-10-06T08:01:13,24.3,poste-14
2026-10-06T08:01:14,38.6,poste-03
2026-10-06T08:01:15,47.2,poste-20
2026-10-06T08:01:16,96.4,poste-13
2026-10-06T08:01:17,97.5,poste-11
2026-10-06T08:01:18,22.4,poste-09
2026-10-06T08:01:19,82.7,poste-15
2026-10-06T08:02:20,59.2,poste-12
2026-10-06T08:02:21,64.2,poste-13
2026-10-06T08:02:22,54.5,poste-19
2026-10-06T08:02:23,72.9,poste-03
2026-10-06T08:02:24,81.8,poste-10
2026-10-06T08:02:25,83.8,poste-03
2026-10-06T08:02:26,26.6,poste-05
2026-10-06T08:02:27,50.4,poste-05
2026-10-06T08:02:28,79.2,poste-11
2026-10-06T08:02:29,48.9,poste-03
2026-10-06T08:03:30,20.4,poste-10
2026-10-06T08:03:31,55.6,poste-09
2026-10-06T08:03:32,28.2,poste-03
2026-10-06T08:03:33,35.0,poste-15
2026-10-06T08:03:34,64.6,poste-17
2026-10-06T08:03:35,52.6,poste-01
2026-10-06T08:03:36,27.2,poste-18
2026-10-06T08:03:37,27.4,poste-20
2026-10-06T08:03:38,82.8,poste-13
2026-10-06T08:03:39,21.0,poste-14
2026-10-06T08:04:40,51.0,poste-03
2026-10-06T08:04:41,78.0,poste-18
2026-10-06T08:04:42,92.4,poste-08
2026-10-06T08:04:43,65.8,poste-06
2026-10-06T08:04:44,74.8,poste-06
2026-10-06T08:04:45,31.1,poste-10
2026-10-06T08:04:46,41.5,poste-05
2026-10-06T08:04:47,25.1,poste-14
2026-10-06T08:04:48,42.1,poste-10
2026-10-06T08:04:49,58.7,poste-03
2026-10-06T08:05:50,48.9,poste-08
2026-10-06T08:05:51,77.7,poste-16
2026-10-06T08:05:52,67.5,poste-07
2026-10-06T08:05:53,56.6,poste-05
2026-10-06T08:05:54,44.4,poste-13
2026-10-06T08:05:55,46.6,poste-20
2026-10-06T08:05:56,50.4,poste-11
2026-10-06T08:05:57,55.2,poste-14
2026-10-06T08:05:58,85.2,poste-20
2026-10-06T08:05:59,30.9,poste-11
2026-10-06T08:06:00,68.3,poste-07
2026-10-06T08:06:01,58.3,poste-06
2026-10-06T08:06:02,97.2,poste-11
2026-10-06T08:06:03,43.3,poste-16
2026-10-06T08:06:04,97.4,poste-08
2026-10-06T08:06:05,46.1,poste-09
2026-10-06T08:06:06,85.3,poste-13
2026-10-06T08:06:07,49.2,poste-19
2026-10-06T08:06:08,36.0,poste-18
2026-10-06T08:06:09,34.4,poste-18
2026-10-06T08:07:10,22.2,poste-15
2026-10-06T08:07:11,95.4,poste-07
2026-10-06T08:07:12,55.1,poste-10
2026-10-06T08:07:13,86.5,poste-03
2026-10-06T08:07:14,85.5,poste-14
2026-10-06T08:07:15,73.8,poste-05
2026-10-06T08:07:16,70.7,poste-08
2026-10-06T08:07:17,40.2,poste-05
2026-10-06T08:07:18,77.2,poste-13
2026-10-06T08:07:19,25.9,poste-20
2026-10-06T08:08:20,58.3,poste-13
2026-10-06T08:08:21,62.7,poste-14
2026-10-06T08:08:22,63.5,poste-12
2026-10-06T08:08:23,76.1,poste-18
2026-10-06T08:08:24,67.5,poste-03
2026-10-06T08:08:25,28.7,poste-08
2026-10-06T08:08:26,72.6,poste-12
2026-10-06T08:08:27,33.3,poste-20
2026-10-06T08:08:28,23.5,poste-13
2026-10-06T08:08:29,97.3,poste-11
2026-10-06T08:09:30,97.3,poste-14
2026-10-06T08:09:31,28.5,poste-04
2026-10-06T08:09:32,40.7,poste-17
2026-10-06T08:09:33,79.7,poste-18
2026-10-06T08:09:34,66.4,poste-19
2026-10-06T08:09:35,37.7,poste-12
2026-10-06T08:09:36,51.3,poste-19
2026-10-06T08:09:37,75.2,poste-05
2026-10-06T08:09:38,47.6,poste-01
2026-10-06T08:09:39,58.6,poste-10
2026-10-06T08:10:40,53.3,poste-03
2026-10-06T08:10:41,29.3,poste-05
2026-10-06T08:10:42,47.9,poste-11
2026-10-06T08:10:43,56.4,poste-07
2026-10-06T08:10:44,61.7,poste-12
2026-10-06T08:10:45,58.1,poste-15
2026-10-06T08:10:46,77.8,poste-15
2026-10-06T08:10:47,45.5,poste-10
2026-10-06T08:10:48,23.6,poste-04
2026-10-06T08:10:49,21.8,poste-11
2026-10-06T08:11:50,71.8,poste-06
2026-10-06T08:11:51,94.4,poste-08
2026-10-06T08:11:52,61.3,poste-18
2026-10-06T08:11:53,32.8,poste-18
2026-10-06T08:11:54,54.1,poste-15
2026-10-06T08:11:55,38.5,poste-13
2026-10-06T08:11:56,70.4,poste-06
2026-10-06T08:11:57,71.2,poste-14
2026-10-06T08:11:58,51.6,poste-20
2026-10-06T08:11:59,90.6,poste-15
2026-10-06T08:12:00,67.4,poste-13
2026-10-06T08:12:01,20.4,poste-07
2026-10-06T08:12:02,36.5,poste-03
2026-10-06T08:12:03,66.2,poste-18
2026-10-06T08:12:04,35.0,poste-11
2026-10-06T08:12:05,35.8,poste-04
2026-10-06T08:12:06,41.0,poste-16
2026-10-06T08:12:07,62.2,poste-11
2026-10-06T08:12:08,67.8,poste-20
2026-10-06T08:12:09,51.4,poste-04
2026-10-06T08:13:10,47.8,poste-15
2026-10-06T08:13:11,69.4,poste-10
2026-10-06T08:13:12,93.5,poste-19
2026-10-06T08:13:13,26.8,poste-05
2026-10-06T08:13:14,45.1,poste-08
2026-10-06T08:13:15,44.4,poste-06
2026-10-06T08:13:16,49.9,poste-05
2026-10-06T08:13:17,60.9,poste-14
2026-10-06T08:13:18,67.7,poste-19
2026-10-06T08:13:19,50.7,poste-06
2026-10-06T08:14:20,58.9,poste-18
2026-10-06T08:14:21,75.5,poste-06
2026-10-06T08:14:22,64.4,poste-16
2026-10-06T08:14:23,43.1,poste-06
2026-10-06T08:14:24,45.2,poste-15
2026-10-06T08:14:25,69.6,poste-12
2026-10-06T08:14:26,96.1,poste-16
2026-10-06T08:14:27,30.9,poste-13
2026-10-06T08:14:28,97.1,poste-17
2026-10-06T08:14:29,72.2,poste-14
2026-10-06T08:15:30,74.8,poste-14
2026-10-06T08:15:31,76.8,poste-15
2026-10-06T08:15:32,59.1,poste-03
2026-10-06T08:15:33,65.2,poste-08
2026-10-06T08:15:34,43.4,poste-09
2026-10-06T08:15:35,38.0,poste-10
2026-10-06T08:15:36,33.5,poste-15
2026-10-06T08:15:37,65.3,poste-16
2026-10-06T08:15:38,64.0,poste-04
2026-10-06T08:15:39,65.8,poste-09
2026-10-06T08:16:40,82.0,poste-12
2026-10-06T08:16:41,63.4,poste-02
2026-10-06T08:16:42,80.8,poste-15
2026-10-06T08:16:43,63.7,poste-14
2026-10-06T08:16:44,28.2,poste-08
2026-10-06T08:16:45,43.8,poste-02
2026-10-06T08:16:46,56.0,poste-12
2026-10-06T08:16:47,89.0,poste-03
2026-10-06T08:16:48,55.1,poste-04
2026-10-06T08:16:49,82.1,poste-08
2026-10-06T08:17:50,36.8,poste-19
2026-10-06T08:17:51,75.1,poste-20
2026-10-06T08:17:52,70.6,poste-06
2026-10-06T08:17:53,69.3,poste-07
2026-10-06T08:17:54,85.1,poste-02
2026-10-06T08:17:55,65.6,poste-18
2026-10-06T08:17:56,42.5,poste-18
2026-10-06T08:17:57,33.5,poste-10
2026-10-06T08:17:58,43.1,poste-09
2026-10-06T08:17:59,96.2,poste-17
2026-10-06T08:18:00,98.8,poste-04
2026-10-06T08:18:01,30.8,poste-14
2026-10-06T08:18:02,93.5,poste-09
2026-10-06T08:18:03,89.4,poste-05
2026-10-06T08:18:04,76.1,poste-05
2026-10-06T08:18:05,40.0,poste-11
2026-10-06T08:18:06,86.3,poste-13
2026-10-06T08:18:07,59.2,poste-19
2026-10-06T08:18:08,70.6,poste-14
2026-10-06T08:18:09,50.0,poste-03
2026-10-06T08:19:10,70.7,poste-03
2026-10-06T08:19:11,52.2,poste-09
2026-10-06T08:19:12,75.6,poste-12
2026-10-06T08:19:13,56.4,poste-16
2026-10-06T08:19:14,46.2,poste-01
2026-10-06T08:19:15,89.5,poste-03
2026-10-06T08:19:16,78.5,poste-15
2026-10-06T08:19:17,70.8,poste-12
2026-10-06T08:19:18,88.0,poste-18
2026-10-06T08:19:19,51.8,poste-14
2026-10-06T08:20:20,86.0,poste-16
2026-10-06T08:20:21,41.5,poste-10
2026-10-06T08:20:22,47.0,poste-19
2026-10-06T08:20:23,30.4,poste-16
2026-10-06T08:20:24,83.1,poste-02
2026-10-06T08:20:25,23.7,poste-15
2026-10-06T08:20:26,21.3,poste-06
2026-10-06T08:20:27,55.3,poste-01
2026-10-06T08:20:28,99.3,poste-14
2026-10-06T08:20:29,36.2,poste-05
2026-10-06T08:21:30,90.6,poste-10
2026-10-06T08:21:31,32.7,poste-09
2026-10-06T08:21:32,27.5,poste-12
2026-10-06T08:21:33,40.0,poste-12
2026-10-06T08:21:34,73.2,poste-06
2026-10-06T08:21:35,24.1,poste-10
2026-10-06T08:21:36,78.1,poste-08
2026-10-06T08:21:37,54.3,poste-03
2026-10-06T08:21:38,76.3,poste-01
2026-10-06T08:21:39,37.1,poste-03
2026-10-06T08:22:40,30.6,poste-08
2026-10-06T08:22:41,61.6,poste-15
2026-10-06T08:22:42,20.7,poste-11
2026-10-06T08:22:43,85.4,poste-14
2026-10-06T08:22:44,75.5,poste-16
2026-10-06T08:22:45,25.7,poste-13
2026-10-06T08:22:46,27.1,poste-04
2026-10-06T08:22:47,28.3,poste-12
2026-10-06T08:22:48,90.5,poste-05
2026-10-06T08:22:49,50.6,poste-05
2026-10-06T08:23:50,71.3,poste-05
2026-10-06T08:23:51,25.5,poste-19
2026-10-06T08:23:52,20.7,poste-06
2026-10-06T08:23:53,55.2,poste-07
2026-10-06T08:23:54,70.2,poste-05
2026-10-06T08:23:55,93.6,poste-20
2026-10-06T08:23:56,74.9,poste-07
2026-10-06T08:23:57,26.9,poste-04
2026-10-06T08:23:58,31.2,poste-04
2026-10-06T08:23:59,67.2,poste-13
2026-10-06T08:24:00,48.1,poste-14
2026-10-06T08:24:01,45.2,poste-05
2026-10-06T08:24:02,39.8,poste-03
2026-10-06T08:24:03,39.9,poste-20
2026-10-06T08:24:04,68.0,poste-20
2026-10-06T08:24:05,42.8,poste-01
2026-10-06T08:24:06,87.8,poste-10
2026-10-06T08:24:07,36.4,poste-20
2026-10-06T08:24:08,60.8,poste-13
2026-10-06T08:24:09,43.6,poste-02
2026-10-06T08:25:10,82.7,poste-08
2026-10-06T08:25:11,59.6,poste-04
2026-10-06T08:25:12,39.3,poste-20
2026-10-06T08:25:13,25.7,poste-01
2026-10-06T08:25:14,99.0,poste-11
2026-10-06T08:25:15,30.6,poste-19
2026-10-06T08:25:16,53.7,poste-18
2026-10-06T08:25:17,74.6,poste-16
2026-10-06T08:25:18,96.4,poste-03
2026-10-06T08:25:19,21.3,poste-03
2026-10-06T08:26:20,21.1,poste-07
2026-10-06T08:26:21,23.2,poste-02
2026-10-06T08:26:22,95.9,poste-13
2026-10-06T08:26:23,60.5,poste-17
2026-10-06T08:26:24,81.4,poste-14
2026-10-06T08:26:25,76.1,poste-03
2026-10-06T08:26:26,71.2,poste-18
2026-10-06T08:26:27,69.3,poste-09
2026-10-06T08:26:28,26.7,poste-03
2026-10-06T08:26:29,60.9,poste-07
2026-10-06T08:27:30,97.9,poste-05
2026-10-06T08:27:31,62.9,poste-13
2026-10-06T08:27:32,66.9,poste-03
2026-10-06T08:27:33,44.8,poste-14
2026-10-06T08:27:34,78.4,poste-08
2026-10-06T08:27:35,24.6,poste-03
2026-10-06T08:27:36,94.0,poste-04
2026-10-06T08:27:37,56.3,poste-20
2026-10-06T08:27:38,24.4,poste-06
2026-10-06T08:27:39,29.6,poste-05
2026-10-06T08:28:40,76.1,poste-06
2026-10-06T08:28:41,59.7,poste-12
2026-10-06T08:28:42,61.8,poste-09
2026-10-06T08:28:43,33.4,poste-05
2026-10-06T08:28:44,80.0,poste-09
2026-10-06T08:28:45,78.6,poste-04
2026-10-06T08:28:46,81.7,poste-01
2026-10-06T08:28:47,46.8,poste-14
2026-10-06T08:28:48,41.8,poste-03
2026-10-06T08:28:49,41.0,poste-19
2026-10-06T08:29:50,70.2,poste-16
2026-10-06T08:29:51,56.4,poste-12
2026-10-06T08:29:52,24.4,poste-19
2026-10-06T08:29:53,33.4,poste-06
2026-10-06T08:29:54,40.4,poste-04
2026-10-06T08:29:55,91.5,poste-04
2026-10-06T08:29:56,38.3,poste-17
2026-10-06T08:29:57,20.2,poste-01
2026-10-06T08:29:58,39.6,poste-16
2026-10-06T08:29:59,49.1,poste-05
2026-10-06T08:30:00,34.3,poste-02
2026-10-06T08:30:01,64.2,poste-14
2026-10-06T08:30:02,38.0,poste-08
2026-10-06T08:30:03,53.3,poste-11
2026-10-06T08:30:04,41.7,poste-03
2026-10-06T08:30:05,65.7,poste-04
2026-10-06T08:30:06,60.2,poste-02
2026-10-06T08:30:07,34.3,poste-17
2026-10-06T08:30:08,98.5,poste-13
2026-10-06T08:30:09,25.5,poste-15
2026-10-06T08:31:10,89.3,poste-10
2026-10-06T08:31:11,46.2,poste-18
2026-10-06T08:31:12,56.5,poste-12
2026-10-06T08:31:13,36.1,poste-19
2026-10-06T08:31:14,82.8,poste-20
2026-10-06T08:31:15,39.4,poste-12
2026-10-06T08:31:16,67.3,poste-16
2026-10-06T08:31:17,99.8,poste-07
2026-10-06T08:31:18,78.6,poste-18
2026-10-06T08:31:19,80.8,poste-08
2026-10-06T08:32:20,32.0,poste-14
2026-10-06T08:32:21,21.9,poste-18
2026-10-06T08:32:22,47.7,poste-01
2026-10-06T08:32:23,96.1,poste-01
2026-10-06T08:32:24,80.7,poste-13
2026-10-06T08:32:25,87.9,poste-10
2026-10-06T08:32:26,28.3,poste-17
2026-10-06T08:32:27,98.6,poste-14
2026-10-06T08:32:28,59.4,poste-02
2026-10-06T08:32:29,97.8,poste-05
2026-10-06T08:33:30,76.9,poste-03
2026-10-06T08:33:31,23.5,poste-08
2026-10-06T08:33:32,91.8,poste-17
2026-10-06T08:33:33,53.0,poste-12
2026-10-06T08:33:34,56.7,poste-03
2026-10-06T08:33:35,66.5,poste-17
2026-10-06T08:33:36,30.7,poste-13
2026-10-06T08:33:37,26.0,poste-19
2026-10-06T08:33:38,25.0,poste-05
2026-10-06T08:33:39,38.9,poste-09
2026-10-06T08:34:40,88.1,poste-13
2026-10-06T08:34:41,76.1,poste-11
2026-10-06T08:34:42,45.4,poste-09
2026-10-06T08:34:43,38.7,poste-07
2026-10-06T08:34:44,30.9,poste-19
2026-10-06T08:34:45,28.7,poste-04
2026-10-06T08:34:46,33.1,poste-15
2026-10-06T08:34:47,45.1,poste-04
2026-10-06T08:34:48,62.9,poste-07
2026-10-06T08:34:49,56.2,poste-15
2026-10-06T08:35:50,41.2,poste-04
2026-10-06T08:35:51,27.2,poste-10
2026-10-06T08:35:52,86.1,poste-20
2026-10-06T08:35:53,23.2,poste-11
2026-10-06T08:35:54,31.9,poste-08
2026-10-06T08:35:55,97.5,poste-13
2026-10-06T08:35:56,61.1,poste-10
2026-10-06T08:35:57,40.8,poste-06
2026-10-06T08:35:58,22.5,poste-13
2026-10-06T08:35:59,88.4,poste-18
2026-10-06T08:36:00,79.8,poste-08
2026-10-06T08:36:01,27.6,poste-04
2026-10-06T08:36:02,84.3,poste-05
2026-10-06T08:36:03,29.7,poste-02
2026-10-06T08:36:04,86.4,poste-08
2026-10-06T08:36:05,30.5,poste-13
2026-10-06T08:36:06,49.8,poste-03
2026-10-06T08:36:07,66.6,poste-09
2026-10-06T08:36:08,93.4,poste-03
2026-10-06T08:36:09,21.7,poste-03
2026-10-06T08:37:10,35.8,poste-15
2026-10-06T08:37:11,84.7,poste-03
2026-10-06T08:37:12,92.4,poste-11
2026-10-06T08:37:13,29.8,poste-15
2026-10-06T08:37:14,24.1,poste-19
2026-10-06T08:37:15,54.7,poste-13
2026-10-06T08:37:16,59.7,poste-13
2026-10-06T08:37:17,74.7,poste-06
2026-10-06T08:37:18,48.3,poste-06
2026-10-06T08:37:19,42.0,poste-15
2026-10-06T08:38:20,90.7,poste-02
2026-10-06T08:38:21,69.1,poste-20
2026-10-06T08:38:22,39.7,poste-10
2026-10-06T08:38:23,59.9,poste-18
2026-10-06T08:38:24,58.3,poste-03
2026-10-06T08:38:25,42.4,poste-05
2026-10-06T08:38:26,53.5,poste-17
2026-10-06T08:38:27,39.9,poste-18
2026-10-06T08:38:28,83.6,poste-13
2026-10-06T08:38:29,82.6,poste-12
2026-10-06T08:39:30,58.4,poste-16
2026-10-06T08:39:31,47.5,poste-19
2026-10-06T08:39:32,60.2,poste-13
2026-10-06T08:39:33,41.6,poste-01
2026-10-06T08:39:34,45.5,poste-08
2026-10-06T08:39:35,22.3,poste-09
2026-10-06T08:39:36,24.7,poste-16
2026-10-06T08:39:37,62.4,poste-19
2026-10-06T08:39:38,100.0,poste-06
2026-10-06T08:39:39,28.0,poste-08
2026-10-06T08:40:40,41.3,poste-02
2026-10-06T08:40:41,81.1,poste-08
2026-10-06T08:40:42,66.1,poste-13
2026-10-06T08:40:43,48.4,poste-06
2026-10-06T08:40:44,34.1,poste-19
2026-10-06T08:40:45,45.4,poste-12
2026-10-06T08:40:46,93.1,poste-01
2026-10-06T08:40:47,76.3,poste-12
2026-10-06T08:40:48,95.8,poste-19
2026-10-06T08:40:49,31.4,poste-07
2026-10-06T08:41:50,86.9,poste-16
2026-10-06T08:41:51,63.4,poste-06
2026-10-06T08:41:52,59.2,poste-03
2026-10-06T08:41:53,24.5,poste-20
2026-10-06T08:41:54,37.5,poste-17
2026-10-06T08:41:55,58.2,poste-11
2026-10-06T08:41:56,93.4,poste-07
2026-10-06T08:41:57,84.5,poste-11
2026-10-06T08:41:58,77.4,poste-11
2026-10-06T08:41:59,24.8,poste-05
2026-10-06T08:42:00,66.9,poste-05
2026-10-06T08:42:01,81.9,poste-17
2026-10-06T08:42:02,88.9,poste-03
2026-10-06T08:42:03,49.9,poste-13
2026-10-06T08:42:04,66.9,poste-11
2026-10-06T08:42:05,44.1,poste-05
2026-10-06T08:42:06,98.1,poste-14
2026-10-06T08:42:07,83.3,poste-16
2026-10-06T08:42:08,71.9,poste-06
2026-10-06T08:42:09,76.6,poste-18
2026-10-06T08:43:10,75.5,poste-20
2026-10-06T08:43:11,83.0,poste-08
2026-10-06T08:43:12,73.2,poste-06
2026-10-06T08:43:13,50.3,poste-10
2026-10-06T08:43:14,30.2,poste-01
2026-10-06T08:43:15,95.9,poste-19
2026-10-06T08:43:16,51.3,poste-19
2026-10-06T08:43:17,22.6,poste-20
2026-10-06T08:43:18,45.5,poste-20
2026-10-06T08:43:19,37.7,poste-19
2026-10-06T08:44:20,28.3,poste-16
2026-10-06T08:44:21,31.3,poste-03
2026-10-06T08:44:22,39.0,poste-11
2026-10-06T08:44:23,33.4,poste-03
2026-10-06T08:44:24,85.7,poste-11
2026-10-06T08:44:25,55.7,poste-09
2026-10-06T08:44:26,36.8,poste-03
2026-10-06T08:44:27,48.0,poste-04
2026-10-06T08:44:28,77.6,poste-02
2026-10-06T08:44:29,50.9,poste-14
2026-10-06T08:45:30,97.5,poste-14
2026-10-06T08:45:31,59.4,poste-13
2026-10-06T08:45:32,48.1,poste-13
2026-10-06T08:45:33,28.1,poste-16
2026-10-06T08:45:34,83.1,poste-19
2026-10-06T08:45:35,72.1,poste-08
2026-10-06T08:45:36,33.0,poste-03
2026-10-06T08:45:37,83.9,poste-02
2026-10-06T08:45:38,43.6,poste-11
2026-10-06T08:45:39,40.9,poste-04
2026-10-06T08:46:40,25.9,poste-06
2026-10-06T08:46:41,91.0,poste-06
2026-10-06T08:46:42,78.6,poste-18
2026-10-06T08:46:43,95.3,poste-03
2026-10-06T08:46:44,47.0,poste-20
2026-10-06T08:46:45,91.5,poste-01
2026-10-06T08:46:46,54.5,poste-06
2026-10-06T08:46:47,68.6,poste-14
2026-10-06T08:46:48,32.6,poste-04
2026-10-06T08:46:49,46.5,poste-07
2026-10-06T08:47:50,52.7,poste-18
2026-10-06T08:47:51,77.8,poste-18
2026-10-06T08:47:52,41.2,poste-10
2026-10-06T08:47:53,43.8,poste-04
2026-10-06T08:47:54,24.0,poste-19
2026-10-06T08:47:55,64.0,poste-16
2026-10-06T08:47:56,32.3,poste-12
2026-10-06T08:47:57,20.3,poste-03
2026-10-06T08:47:58,43.6,poste-20
2026-10-06T08:47:59,58.4,poste-04
2026-10-06T08:48:00,22.1,poste-06
2026-10-06T08:48:01,71.1,poste-03
2026-10-06T08:48:02,57.9,poste-04
2026-10-06T08:48:03,44.7,poste-13
2026-10-06T08:48:04,57.7,poste-09
2026-10-06T08:48:05,27.3,poste-18
2026-10-06T08:48:06,51.0,poste-12
2026-10-06T08:48:07,90.8,poste-12
2026-10-06T08:48:08,34.9,poste-02
2026-10-06T08:48:09,41.1,poste-15
2026-10-06T08:49:10,41.1,poste-09
2026-10-06T08:49:11,65.1,poste-05
2026-10-06T08:49:12,80.2,poste-04
2026-10-06T08:49:13,26.9,poste-12
2026-10-06T08:49:14,84.7,poste-14
2026-10-06T08:49:15,97.7,poste-19
2026-10-06T08:49:16,38.2,poste-02
2026-10-06T08:49:17,87.3,poste-17
2026-10-06T08:49:18,53.5,poste-18
2026-10-06T08:49:19,75.0,poste-16
2026-10-06T08:50:20,65.8,poste-08
2026-10-06T08:50:21,58.1,poste-03
2026-10-06T08:50:22,51.6,poste-02
2026-10-06T08:50:23,60.2,poste-17
2026-10-06T08:50:24,84.0,poste-20
2026-10-06T08:50:25,31.8,poste-15
2026-10-06T08:50:26,33.8,poste-06
2026-10-06T08:50:27,97.8,poste-07
2026-10-06T08:50:28,30.1,poste-14
2026-10-06T08:50:29,26.3,poste-14
2026-10-06T08:51:30,36.2,poste-05
2026-10-06T08:51:31,86.7,poste-09
2026-10-06T08:51:32,45.6,poste-03
2026-10-06T08:51:33,27.0,poste-18
2026-10-06T08:51:34,51.8,poste-11
2026-10-06T08:51:35,88.5,poste-17
2026-10-06T08:51:36,56.7,poste-01
2026-10-06T08:51:37,82.9,poste-20
2026-10-06T08:51:38,67.0,poste-14
2026-10-06T08:51:39,29.0,poste-05
2026-10-06T08:52:40,31.9,poste-19
2026-10-06T08:52:41,66.6,poste-04
2026-10-06T08:52:42,94.0,poste-19
2026-10-06T08:52:43,82.4,poste-10
2026-10-06T08:52:44,89.4,poste-12
2026-10-06T08:52:45,90.2,poste-09
2026-10-06T08:52:46,50.6,poste-16
2026-10-06T08:52:47,65.8,poste-16
2026-10-06T08:52:48,23.0,poste-09
2026-10-06T08:52:49,52.2,poste-20
2026-10-06T08:53:50,68.7,poste-13
2026-10-06T08:53:51,23.1,poste-11
2026-10-06T08:53:52,75.2,poste-02
2026-10-06T08:53:53,79.7,poste-09
2026-10-06T08:53:54,91.8,poste-01
2026-10-06T08:53:55,47.0,poste-10
2026-10-06T08:53:56,44.9,poste-16
2026-10-06T08:53:57,88.7,poste-04
2026-10-06T08:53:58,97.8,poste-08
2026-10-06T08:53:59,30.8,poste-15
2026-10-06T08:54:00,81.9,poste-11
2026-10-06T08:54:01,41.6,poste-14
2026-10-06T08:54:02,68.4,poste-03
2026-10-06T08:54:03,35.0,poste-07
2026-10-06T08:54:04,93.1,poste-14
2026-10-06T08:54:05,79.3,poste-17
2026-10-06T08:54:06,89.4,poste-02
2026-10-06T08:54:07,61.2,poste-06
2026-10-06T08:54:08,25.2,poste-17
2026-10-06T08:54:09,52.3,poste-17
2026-10-06T08:55:10,90.3,poste-01
2026-10-06T08:55:11,33.9,poste-07
2026-10-06T08:55:12,87.0,poste-08
2026-10-06T08:55:13,22.6,poste-02
2026-10-06T08:55:14,93.4,poste-07
2026-10-06T08:55:15,41.9,poste-15
2026-10-06T08:55:16,60.4,poste-04
2026-10-06T08:55:17,74.5,poste-08
2026-10-06T08:55:18,49.8,poste-20
2026-10-06T08:55:19,55.7,poste-16
2026-10-06T08:56:20,67.0,poste-12
2026-10-06T08:56:21,47.5,poste-09
2026-10-06T08:56:22,79.9,poste-03
2026-10-06T08:56:23,42.8,poste-13
2026-10-06T08:56:24,24.0,poste-19
2026-10-06T08:56:25,82.4,poste-07
2026-10-06T08:56:26,88.6,poste-08
2026-10-06T08:56:27,74.2,poste-09
2026-10-06T08:56:28,72.1,poste-17
2026-10-06T08:56:29,21.6,poste-01
2026-10-06T08:57:30,57.9,poste-05
2026-10-06T08:57:31,71.8,poste-20
2026-10-06T08:57:32,84.1,poste-08
2026-10-06T08:57:33,40.2,poste-10
2026-10-06T08:57:34,77.0,poste-09
2026-10-06T08:57:35,53.9,poste-13
2026-10-06T08:57:36,88.1,poste-15
2026-10-06T08:57:37,40.2,poste-15
2026-10-06T08:57:38,44.2,poste-17
2026-10-06T08:57:39,85.9,poste-13
2026-10-06T08:58:40,66.8,poste-01
2026-10-06T08:58:41,60.9,poste-12
2026-10-06T08:58:42,64.9,poste-20
2026-10-06T08:58:43,68.7,poste-10
2026-10-06T08:58:44,74.8,poste-16
2026-10-06T08:58:45,25.1,poste-09
2026-10-06T08:58:46,71.2,poste-09
2026-10-06T08:58:47,40.9,poste-10
2026-10-06T08:58:48,35.1,poste-17
2026-10-06T08:58:49,81.2,poste-02
2026-10-06T08:59:50,84.4,poste-20
2026-10-06T08:59:51,52.3,poste-11
2026-10-06T08:59:52,74.5,poste-01
2026-10-06T08:59:53,72.4,poste-10
2026-10-06T08:59:54,40.8,poste-14
2026-10-06T08:59:55,52.4,poste-02
2026-10-06T08:59:56,66.6,poste-19
2026-10-06T08:59:57,85.3,poste-11
2026-10-06T08:59:58,78.1,poste-08
2026-10-06T08:59:59,74.9,poste-16
2026-10-06T09:00:00,92.5,poste-12
2026-10-06T09:00:01,60.6,poste-06
2026-10-06T09:00:02,87.3,poste-18
2026-10-06T09:00:03,34.5,poste-04
2026-10-06T09:00:04,57.7,poste-09
2026-10-06T09:00:05,78.0,poste-18
2026-10-06T09:00:06,81.0,poste-06
2026-10-06T09:00:07,95.8,poste-11
2026-10-06T09:00:08,72.4,poste-08
2026-10-06T09:00:09,48.4,poste-10
2026-10-06T09:01:10,53.6,poste-11
2026-10-06T09:01:11,49.7,poste-19
2026-10-06T09:01:12,43.5,poste-04
2026-10-06T09:01:13,57.6,poste-19
2026-10-06T09:01:14,66.4,poste-20
2026-10-06T09:01:15,25.7,poste-07
2026-10-06T09:01:16,60.0,poste-13
2026-10-06T09:01:17,62.4,poste-14
2026-10-06T09:01:18,24.3,poste-05
2026-10-06T09:01:19,31.0,poste-07
2026-10-06T09:02:20,47.4,poste-19
2026-10-06T09:02:21,91.4,poste-15
2026-10-06T09:02:22,31.5,poste-06
2026-10-06T09:02:23,82.3,poste-16
2026-10-06T09:02:24,46.6,poste-06
2026-10-06T09:02:25,45.1,poste-02
2026-10-06T09:02:26,20.4,poste-09
2026-10-06T09:02:27,36.8,poste-06
2026-10-06T09:02:28,66.1,poste-06
2026-10-06T09:02:29,59.2,poste-03
2026-10-06T09:03:30,30.4,poste-14
2026-10-06T09:03:31,70.7,poste-13
2026-10-06T09:03:32,54.3,poste-16
2026-10-06T09:03:33,50.7,poste-02
2026-10-06T09:03:34,62.7,poste-12
2026-10-06T09:03:35,96.0,poste-11
2026-10-06T09:03:36,80.5,poste-17
2026-10-06T09:03:37,35.2,poste-01
2026-10-06T09:03:38,70.1,poste-08
2026-10-06T09:03:39,38.1,poste-12
2026-10-06T09:04:40,45.0,poste-04
2026-10-06T09:04:41,50.7,poste-19
2026-10-06T09:04:42,44.5,poste-03
2026-10-06T09:04:43,85.9,poste-10
2026-10-06T09:04:44,95.9,poste-15
2026-10-06T09:04:45,78.2,poste-20
2026-10-06T09:04:46,61.9,poste-14
2026-10-06T09:04:47,91.0,poste-05
2026-10-06T09:04:48,47.4,poste-16
2026-10-06T09:04:49,48.7,poste-07
2026-10-06T09:05:50,33.2,poste-13
2026-10-06T09:05:51,21.5,poste-08
2026-10-06T09:05:52,78.2,poste-05
2026-10-06T09:05:53,36.9,poste-01
2026-10-06T09:05:54,67.2,poste-06
2026-10-06T09:05:55,29.9,poste-02
2026-10-06T09:05:56,50.0,poste-09
2026-10-06T09:05:57,81.7,poste-20
2026-10-06T09:05:58,23.9,poste-02
2026-10-06T09:05:59,73.0,poste-01
2026-10-06T09:06:00,23.9,poste-04
2026-10-06T09:06:01,53.3,poste-13
2026-10-06T09:06:02,29.9,poste-09
2026-10-06T09:06:03,58.0,poste-05
2026-10-06T09:06:04,36.4,poste-01
2026-10-06T09:06:05,44.1,poste-04
2026-10-06T09:06:06,73.0,poste-09
2026-10-06T09:06:07,69.8,poste-05
2026-10-06T09:06:08,53.5,poste-04
2026-10-06T09:06:09,60.9,poste-20
2026-10-06T09:07:10,29.4,poste-04
2026-10-06T09:07:11,82.8,poste-16
2026-10-06T09:07:12,35.9,poste-07
2026-10-06T09:07:13,82.2,poste-17
2026-10-06T09:07:14,97.8,poste-12
2026-10-06T09:07:15,76.3,poste-10
2026-10-06T09:07:16,32.8,poste-18
2026-10-06T09:07:17,59.7,poste-07
2026-10-06T09:07:18,75.1,poste-16
2026-10-06T09:07:19,46.4,poste-01
2026-10-06T09:08:20,21.0,poste-03
2026-10-06T09:08:21,92.6,poste-19
2026-10-06T09:08:22,73.5,poste-05
2026-10-06T09:08:23,96.0,poste-17
2026-10-06T09:08:24,26.0,poste-04
2026-10-06T09:08:25,92.4,poste-08
2026-10-06T09:08:26,56.5,poste-10
2026-10-06T09:08:27,41.1,poste-02
2026-10-06T09:08:28,28.0,poste-06
2026-10-06T09:08:29,89.9,poste-10
2026-10-06T09:09:30,48.8,poste-11
2026-10-06T09:09:31,54.1,poste-04
2026-10-06T09:09:32,27.6,poste-02
2026-10-06T09:09:33,20.8,poste-05
2026-10-06T09:09:34,73.1,poste-06
2026-10-06T09:09:35,46.3,poste-15
2026-10-06T09:09:36,96.4,poste-09
2026-10-06T09:09:37,90.3,poste-03
2026-10-06T09:09:38,49.8,poste-11
2026-10-06T09:09:39,34.6,poste-13
2026-10-06T09:10:40,52.0,poste-15
2026-10-06T09:10:41,41.7,poste-13
2026-10-06T09:10:42,75.2,poste-16
2026-10-06T09:10:43,84.0,poste-06
2026-10-06T09:10:44,29.0,poste-02
2026-10-06T09:10:45,98.5,poste-06
2026-10-06T09:10:46,28.3,poste-19
2026-10-06T09:10:47,58.6,poste-19
2026-10-06T09:10:48,74.3,poste-06
2026-10-06T09:10:49,68.9,poste-12
2026-10-06T09:11:50,68.9,poste-05
2026-10-06T09:11:51,58.6,poste-16
2026-10-06T09:11:52,29.0,poste-14
2026-10-06T09:11:53,55.3,poste-03
2026-10-06T09:11:54,40.9,poste-11
2026-10-06T09:11:55,21.0,poste-17
2026-10-06T09:11:56,81.4,poste-19
2026-10-06T09:11:57,77.9,poste-08
2026-10-06T09:11:58,98.2,poste-11
2026-10-06T09:11:59,61.5,poste-20
2026-10-06T09:12:00,27.6,poste-08
2026-10-06T09:12:01,58.6,poste-13
2026-10-06T09:12:02,31.9,poste-18
2026-10-06T09:12:03,91.4,poste-20
2026-10-06T09:12:04,24.4,poste-06
2026-10-06T09:12:05,60.4,poste-16
2026-10-06T09:12:06,88.1,poste-06
2026-10-06T09:12:07,26.0,poste-16
2026-10-06T09:12:08,45.7,poste-11
2026-10-06T09:12:09,97.6,poste-02
2026-10-06T09:13:10,60.6,poste-18
2026-10-06T09:13:11,71.5,poste-13
2026-10-06T09:13:12,85.4,poste-03
2026-10-06T09:13:13,56.7,poste-19
2026-10-06T09:13:14,55.8,poste-16
2026-10-06T09:13:15,55.8,poste-04
2026-10-06T09:13:16,98.5,poste-01
2026-10-06T09:13:17,28.2,poste-14
2026-10-06T09:13:18,22.9,poste-18
2026-10-06T09:13:19,20.0,poste-03
2026-10-06T09:14:20,83.3,poste-20
2026-10-06T09:14:21,71.0,poste-17
2026-10-06T09:14:22,65.0,poste-15
2026-10-06T09:14:23,96.0,poste-12
2026-10-06T09:14:24,86.0,poste-08
2026-10-06T09:14:25,87.5,poste-11
2026-10-06T09:14:26,64.8,poste-20
2026-10-06T09:14:27,68.0,poste-12
2026-10-06T09:14:28,77.3,poste-04
2026-10-06T09:14:29,27.8,poste-08
2026-10-06T09:15:30,20.2,poste-12
2026-10-06T09:15:31,86.4,poste-10
2026-10-06T09:15:32,63.8,poste-12
2026-10-06T09:15:33,76.2,poste-02
2026-10-06T09:15:34,91.8,poste-16
2026-10-06T09:15:35,31.2,poste-14
2026-10-06T09:15:36,28.6,poste-20
2026-10-06T09:15:37,35.7,poste-04
2026-10-06T09:15:38,94.4,poste-13
2026-10-06T09:15:39,37.2,poste-07
2026-10-06T09:16:40,77.3,poste-04
2026-10-06T09:16:41,80.6,poste-02
2026-10-06T09:16:42,94.1,poste-19
2026-10-06T09:16:43,29.9,poste-15
2026-10-06T09:16:44,56.6,poste-19
2026-10-06T09:16:45,96.5,poste-05
2026-10-06T09:16:46,97.1,poste-01
2026-10-06T09:16:47,62.4,poste-02
2026-10-06T09:16:48,64.3,poste-14
2026-10-06T09:16:49,87.1,poste-16
2026-10-06T09:17:50,93.9,poste-06
2026-10-06T09:17:51,75.3,poste-06
2026-10-06T09:17:52,78.4,poste-05
2026-10-06T09:17:53,28.3,poste-20
2026-10-06T09:17:54,68.5,poste-11
2026-10-06T09:17:55,60.3,poste-13
2026-10-06T09:17:56,53.5,poste-20
2026-10-06T09:17:57,93.3,poste-08
2026-10-06T09:17:58,41.9,poste-11
2026-10-06T09:17:59,97.6,poste-15
2026-10-06T09:18:00,84.4,poste-05
2026-10-06T09:18:01,53.0,poste-17
2026-10-06T09:18:02,43.9,poste-18
2026-10-06T09:18:03,88.9,poste-18
2026-10-06T09:18:04,70.6,poste-07
2026-10-06T09:18:05,36.8,poste-10
2026-10-06T09:18:06,74.9,poste-05
2026-10-06T09:18:07,98.5,poste-06
2026-10-06T09:18:08,60.3,poste-11
2026-10-06T09:18:09,76.8,poste-12
2026-10-06T09:19:10,65.0,poste-19
2026-10-06T09:19:11,65.7,poste-14
2026-10-06T09:19:12,73.9,poste-18
2026-10-06T09:19:13,42.9,poste-14
2026-10-06T09:19:14,84.7,poste-17
2026-10-06T09:19:15,28.5,poste-13
2026-10-06T09:19:16,31.6,poste-02
2026-10-06T09:19:17,36.0,poste-06
2026-10-06T09:19:18,98.7,poste-09
2026-10-06T09:19:19,31.7,poste-02
2026-10-06T09:20:20,75.2,poste-10
2026-10-06T09:20:21,36.3,poste-18
2026-10-06T09:20:22,22.6,poste-15
2026-10-06T09:20:23,28.2,poste-18
2026-10-06T09:20:24,89.2,poste-18
2026-10-06T09:20:25,51.1,poste-17
2026-10-06T09:20:26,82.7,poste-10
2026-10-06T09:20:27,75.4,poste-02
2026-10-06T09:20:28,94.1,poste-13
2026-10-06T09:20:29,53.3,poste-11
2026-10-06T09:21:30,97.3,poste-02
2026-10-06T09:21:31,21.0,poste-09
2026-10-06T09:21:32,36.2,poste-15
2026-10-06T09:21:33,86.4,poste-12
2026-10-06T09:21:34,80.4,poste-18
2026-10-06T09:21:35,79.1,poste-07
2026-10-06T09:21:36,82.1,poste-07
2026-10-06T09:21:37,43.5,poste-06
2026-10-06T09:21:38,98.7,poste-03
2026-10-06T09:21:39,35.0,poste-06
2026-10-06T09:22:40,78.8,poste-04
2026-10-06T09:22:41,50.2,poste-14
2026-10-06T09:22:42,42.3,poste-09
2026-10-06T09:22:43,30.4,poste-19
2026-10-06T09:22:44,87.7,poste-01
2026-10-06T09:22:45,46.4,poste-05
2026-10-06T09:22:46,23.2,poste-11
2026-10-06T09:22:47,67.8,poste-20
2026-10-06T09:22:48,87.5,poste-10
2026-10-06T09:22:49,59.2,poste-19
2026-10-06T09:23:50,64.0,poste-03
2026-10-06T09:23:51,82.7,poste-11
2026-10-06T09:23:52,62.0,poste-06
2026-10-06T09:23:53,61.6,poste-17
2026-10-06T09:23:54,32.7,poste-18
2026-10-06T09:23:55,63.0,poste-03
2026-10-06T09:23:56,48.0,poste-07
2026-10-06T09:23:57,73.1,poste-11
2026-10-06T09:23:58,48.9,poste-07
2026-10-06T09:23:59,96.0,poste-20
2026-10-06T09:24:00,62.4,poste-18
2026-10-06T09:24:01,85.9,poste-01
2026-10-06T09:24:02,29.2,poste-12
2026-10-06T09:24:03,55.7,poste-20
2026-10-06T09:24:04,93.5,poste-08
2026-10-06T09:24:05,96.7,poste-11
2026-10-06T09:24:06,50.5,poste-04
2026-10-06T09:24:07,50.9,poste-18
2026-10-06T09:24:08,77.9,poste-01
2026-10-06T09:24:09,92.9,poste-12
2026-10-06T09:25:10,61.1,poste-17
2026-10-06T09:25:11,55.6,poste-02
2026-10-06T09:25:12,43.7,poste-07
2026-10-06T09:25:13,45.6,poste-03
2026-10-06T09:25:14,95.9,poste-06
2026-10-06T09:25:15,97.7,poste-18
2026-10-06T09:25:16,62.7,poste-03
2026-10-06T09:25:17,36.9,poste-07
2026-10-06T09:25:18,89.2,poste-14
2026-10-06T09:25:19,86.9,poste-07
2026-10-06T09:26:20,63.0,poste-14
2026-10-06T09:26:21,71.7,poste-03
2026-10-06T09:26:22,79.8,poste-05
2026-10-06T09:26:23,21.9,poste-11
2026-10-06T09:26:24,23.0,poste-03
2026-10-06T09:26:25,24.3,poste-09
2026-10-06T09:26:26,64.6,poste-19
2026-10-06T09:26:27,85.7,poste-09
2026-10-06T09:26:28,52.6,poste-15
2026-10-06T09:26:29,70.4,poste-14
2026-10-06T09:27:30,45.3,poste-13
2026-10-06T09:27:31,73.9,poste-18
2026-10-06T09:27:32,20.5,poste-20
2026-10-06T09:27:33,25.1,poste-19
2026-10-06T09:27:34,23.6,poste-03
2026-10-06T09:27:35,48.6,poste-17
2026-10-06T09:27:36,28.5,poste-10
2026-10-06T09:27:37,68.5,poste-10
2026-10-06T09:27:38,81.2,poste-15
2026-10-06T09:27:39,50.5,poste-01
2026-10-06T09:28:40,57.9,poste-18
2026-10-06T09:28:41,37.6,poste-13
2026-10-06T09:28:42,83.7,poste-18
2026-10-06T09:28:43,43.6,poste-05
2026-10-06T09:28:44,43.8,poste-12
2026-10-06T09:28:45,96.6,poste-01
2026-10-06T09:28:46,64.3,poste-18
2026-10-06T09:28:47,31.3,poste-02
2026-10-06T09:28:48,20.4,poste-20
2026-10-06T09:28:49,51.5,poste-18
2026-10-06T09:29:50,95.8,poste-10
2026-10-06T09:29:51,36.8,poste-12
2026-10-06T09:29:52,36.9,poste-17
2026-10-06T09:29:53,31.4,poste-06
2026-10-06T09:29:54,37.7,poste-09
2026-10-06T09:29:55,35.5,poste-06
2026-10-06T09:29:56,73.7,poste-19
2026-10-06T09:29:57,88.2,poste-18
2026-10-06T09:29:58,56.9,poste-18
2026-10-06T09:29:59,25.9,poste-03
2026-10-06T09:30:00,40.1,poste-07
2026-10-06T09:30:01,78.0,poste-16
2026-10-06T09:30:02,96.1,poste-12
2026-10-06T09:30:03,30.3,poste-08
2026-10-06T09:30:04,28.0,poste-20
2026-10-06T09:30:05,25.6,poste-07
2026-10-06T09:30:06,45.4,poste-15
2026-10-06T09:30:07,46.3,poste-10
2026-10-06T09:30:08,75.5,poste-05
2026-10-06T09:30:09,65.2,poste-12
2026-10-06T09:31:10,84.6,poste-14
2026-10-06T09:31:11,33.5,poste-11
2026-10-06T09:31:12,39.7,poste-08
2026-10-06T09:31:13,77.0,poste-14
2026-10-06T09:31:14,42.1,poste-12
2026-10-06T09:31:15,30.7,poste-11
2026-10-06T09:31:16,90.2,poste-15
2026-10-06T09:31:17,55.6,poste-10
2026-10-06T09:31:18,59.0,poste-04
2026-10-06T09:31:19,34.1,poste-20
2026-10-06T09:32:20,26.6,poste-09
2026-10-06T09:32:21,88.7,poste-05
2026-10-06T09:32:22,91.3,poste-07
2026-10-06T09:32:23,41.1,poste-03
2026-10-06T09:32:24,78.2,poste-01
2026-10-06T09:32:25,88.0,poste-01
2026-10-06T09:32:26,85.0,poste-19
2026-10-06T09:32:27,52.4,poste-19
2026-10-06T09:32:28,37.0,poste-02
2026-10-06T09:32:29,64.1,poste-18
2026-10-06T09:33:30,91.5,poste-18
2026-10-06T09:33:31,57.8,poste-05
2026-10-06T09:33:32,49.3,poste-08
2026-10-06T09:33:33,91.3,poste-19
2026-10-06T09:33:34,78.7,poste-10
2026-10-06T09:33:35,30.7,poste-17
2026-10-06T09:33:36,60.8,poste-13
2026-10-06T09:33:37,49.1,poste-01
2026-10-06T09:33:38,73.0,poste-20
2026-10-06T09:33:39,74.7,poste-17
2026-10-06T09:34:40,31.2,poste-06
2026-10-06T09:34:41,34.3,poste-19
2026-10-06T09:34:42,72.8,poste-05
2026-10-06T09:34:43,78.9,poste-16
2026-10-06T09:34:44,95.1,poste-02
2026-10-06T09:34:45,37.5,poste-16
2026-10-06T09:34:46,38.5,poste-09
2026-10-06T09:34:47,49.6,poste-02
2026-10-06T09:34:48,73.5,poste-17
2026-10-06T09:34:49,92.6,poste-12
2026-10-06T09:35:50,51.0,poste-15
2026-10-06T09:35:51,90.5,poste-02
2026-10-06T09:35:52,98.4,poste-11
2026-10-06T09:35:53,28.3,poste-17
2026-10-06T09:35:54,70.7,poste-09
2026-10-06T09:35:55,86.8,poste-09
2026-10-06T09:35:56,66.3,poste-19
2026-10-06T09:35:57,33.9,poste-13
2026-10-06T09:35:58,49.2,poste-03
2026-10-06T09:35:59,61.3,poste-13
2026-10-06T09:36:00,97.8,poste-08
2026-10-06T09:36:01,61.3,poste-12
2026-10-06T09:36:02,85.4,poste-12
2026-10-06T09:36:03,58.9,poste-16
2026-10-06T09:36:04,91.0,poste-01
2026-10-06T09:36:05,60.1,poste-05
2026-10-06T09:36:06,55.2,poste-08
2026-10-06T09:36:07,26.2,poste-09
2026-10-06T09:36:08,36.9,poste-06
2026-10-06T09:36:09,32.6,poste-20
2026-10-06T09:37:10,77.4,poste-04
2026-10-06T09:37:11,72.9,poste-14
2026-10-06T09:37:12,84.9,poste-04
2026-10-06T09:37:13,58.5,poste-16
2026-10-06T09:37:14,58.3,poste-19
2026-10-06T09:37:15,32.9,poste-14
2026-10-06T09:37:16,21.8,poste-02
2026-10-06T09:37:17,30.2,poste-19
2026-10-06T09:37:18,32.9,poste-17
2026-10-06T09:37:19,23.1,poste-19
2026-10-06T09:38:20,31.7,poste-06
2026-10-06T09:38:21,40.7,poste-06
2026-10-06T09:38:22,61.3,poste-13
2026-10-06T09:38:23,67.9,poste-19
2026-10-06T09:38:24,71.0,poste-10
2026-10-06T09:38:25,95.8,poste-07
2026-10-06T09:38:26,55.9,poste-16
2026-10-06T09:38:27,89.4,poste-06
2026-10-06T09:38:28,37.5,poste-14
2026-10-06T09:38:29,68.1,poste-19
2026-10-06T09:39:30,85.6,poste-06
2026-10-06T09:39:31,69.9,poste-17
2026-10-06T09:39:32,41.2,poste-11
2026-10-06T09:39:33,93.8,poste-20
2026-10-06T09:39:34,67.2,poste-08
2026-10-06T09:39:35,50.3,poste-05
2026-10-06T09:39:36,28.7,poste-07
2026-10-06T09:39:37,61.8,poste-17
2026-10-06T09:39:38,74.7,poste-05
2026-10-06T09:39:39,68.4,poste-06
2026-10-06T09:40:40,58.1,poste-20
2026-10-06T09:40:41,68.0,poste-18
2026-10-06T09:40:42,60.3,poste-04
2026-10-06T09:40:43,27.5,poste-05
2026-10-06T09:40:44,92.2,poste-18
2026-10-06T09:40:45,86.2,poste-14
2026-10-06T09:40:46,61.8,poste-12
2026-10-06T09:40:47,90.0,poste-17
2026-10-06T09:40:48,54.3,poste-16
2026-10-06T09:40:49,83.2,poste-13
2026-10-06T09:41:50,48.0,poste-19
2026-10-06T09:41:51,27.8,poste-05
2026-10-06T09:41:52,40.4,poste-08
2026-10-06T09:41:53,92.8,poste-03
2026-10-06T09:41:54,42.7,poste-18
2026-10-06T09:41:55,52.7,poste-07
2026-10-06T09:41:56,20.4,poste-01
2026-10-06T09:41:57,66.2,poste-04
2026-10-06T09:41:58,61.6,poste-13
2026-10-06T09:41:59,72.4,poste-11
2026-10-06T09:42:00,52.7,poste-04
2026-10-06T09:42:01,32.4,poste-19
2026-10-06T09:42:02,40.3,poste-18
2026-10-06T09:42:03,53.9,poste-12
2026-10-06T09:42:04,69.0,poste-13
2026-10-06T09:42:05,80.4,poste-14
2026-10-06T09:42:06,64.2,poste-18
2026-10-06T09:42:07,58.6,poste-12
2026-10-06T09:42:08,64.7,poste-16
2026-10-06T09:42:09,40.3,poste-10
2026-10-06T09:43:10,66.2,poste-13
2026-10-06T09:43:11,78.9,poste-04
2026-10-06T09:43:12,79.8,poste-15
2026-10-06T09:43:13,82.6,poste-06
2026-10-06T09:43:14,28.0,poste-17
2026-10-06T09:43:15,52.0,poste-11
2026-10-06T09:43:16,84.1,poste-20
2026-10-06T09:43:17,75.8,poste-02
2026-10-06T09:43:18,32.9,poste-01
2026-10-06T09:43:19,84.3,poste-05
2026-10-06T09:44:20,57.7,poste-20
2026-10-06T09:44:21,54.8,poste-03
2026-10-06T09:44:22,41.0,poste-12
2026-10-06T09:44:23,26.4,poste-02
2026-10-06T09:44:24,78.0,poste-13
2026-10-06T09:44:25,69.1,poste-17
2026-10-06T09:44:26,42.9,poste-20
2026-10-06T09:44:27,24.6,poste-06
2026-10-06T09:44:28,71.2,poste-15
2026-10-06T09:44:29,20.9,poste-17
2026-10-06T09:45:30,42.9,poste-02
2026-10-06T09:45:31,82.7,poste-17
2026-10-06T09:45:32,61.3,poste-08
2026-10-06T09:45:33,69.2,poste-02
2026-10-06T09:45:34,48.8,poste-01
2026-10-06T09:45:35,98.1,poste-03
2026-10-06T09:45:36,99.7,poste-13
2026-10-06T09:45:37,48.3,poste-13
2026-10-06T09:45:38,52.4,poste-07
2026-10-06T09:45:39,61.4,poste-03
2026-10-06T09:46:40,93.5,poste-18
2026-10-06T09:46:41,42.8,poste-18
2026-10-06T09:46:42,93.2,poste-12
2026-10-06T09:46:43,47.8,poste-09
2026-10-06T09:46:44,38.1,poste-07
2026-10-06T09:46:45,56.4,poste-13
2026-10-06T09:46:46,66.0,poste-09
2026-10-06T09:46:47,34.0,poste-17
2026-10-06T09:46:48,28.5,poste-03
2026-10-06T09:46:49,60.3,poste-11
2026-10-06T09:47:50,95.8,poste-17
2026-10-06T09:47:51,96.5,poste-18
2026-10-06T09:47:52,85.1,poste-19
2026-10-06T09:47:53,40.0,poste-15
2026-10-06T09:47:54,97.3,poste-19
2026-10-06T09:47:55,58.7,poste-08
2026-10-06T09:47:56,80.6,poste-15
2026-10-06T09:47:57,74.5,poste-19
2026-10-06T09:47:58,89.0,poste-16
2026-10-06T09:47:59,29.3,poste-03
2026-10-06T09:48:00,50.6,poste-08
2026-10-06T09:48:01,74.2,poste-08
2026-10-06T09:48:02,84.0,poste-14
2026-10-06T09:48:03,96.4,poste-17
2026-10-06T09:48:04,62.9,poste-09
2026-10-06T09:48:05,39.9,poste-03
2026-10-06T09:48:06,51.9,poste-11
2026-10-06T09:48:07,26.1,poste-06
2026-10-06T09:48:08,58.1,poste-12
2026-10-06T09:48:09,37.5,poste-19
2026-10-06T09:49:10,41.5,poste-07
2026-10-06T09:49:11,59.9,poste-07
2026-10-06T09:49:12,38.8,poste-08
2026-10-06T09:49:13,89.8,poste-07
2026-10-06T09:49:14,38.3,poste-08
2026-10-06T09:49:15,86.9,poste-12
2026-10-06T09:49:16,32.5,poste-04
2026-10-06T09:49:17,29.6,poste-03
2026-10-06T09:49:18,74.1,poste-16
2026-10-06T09:49:19,69.1,poste-18
2026-10-06T09:50:20,96.6,poste-16
2026-10-06T09:50:21,49.7,poste-11
2026-10-06T09:50:22,59.4,poste-19
2026-10-06T09:50:23,89.5,poste-16
2026-10-06T09:50:24,34.6,poste-17
2026-10-06T09:50:25,42.4,poste-08
2026-10-06T09:50:26,80.0,poste-05
2026-10-06T09:50:27,24.3,poste-14
2026-10-06T09:50:28,58.3,poste-18
2026-10-06T09:50:29,22.6,poste-12
2026-10-06T09:51:30,51.5,poste-06
2026-10-06T09:51:31,56.6,poste-04
2026-10-06T09:51:32,75.9,poste-15
2026-10-06T09:51:33,45.3,poste-01
2026-10-06T09:51:34,20.9,poste-07
2026-10-06T09:51:35,50.4,poste-04
2026-10-06T09:51:36,46.0,poste-20
2026-10-06T09:51:37,88.9,poste-06
2026-10-06T09:51:38,63.9,poste-08
2026-10-06T09:51:39,41.6,poste-20
2026-10-06T09:52:40,47.4,poste-06
2026-10-06T09:52:41,59.9,poste-07
2026-10-06T09:52:42,53.5,poste-12
2026-10-06T09:52:43,49.2,poste-13
2026-10-06T09:52:44,42.4,poste-06
2026-10-06T09:52:45,65.7,poste-19
2026-10-06T09:52:46,74.9,poste-04
2026-10-06T09:52:47,77.7,poste-08
2026-10-06T09:52:48,64.4,poste-13
2026-10-06T09:52:49,35.7,poste-05
2026-10-06T09:53:50,57.8,poste-01
2026-10-06T09:53:51,34.1,poste-16
2026-10-06T09:53:52,30.8,poste-17
2026-10-06T09:53:53,62.7,poste-11
2026-10-06T09:53:54,82.8,poste-10
2026-10-06T09:53:55,40.1,poste-19
2026-10-06T09:53:56,23.8,poste-04
2026-10-06T09:53:57,75.2,poste-02
2026-10-06T09:53:58,37.2,poste-09
2026-10-06T09:53:59,58.1,poste-04
2026-10-06T09:54:00,56.0,poste-11
2026-10-06T09:54:01,40.8,poste-12
2026-10-06T09:54:02,64.8,poste-09
2026-10-06T09:54:03,47.5,poste-14
2026-10-06T09:54:04,29.7,poste-20
2026-10-06T09:54:05,35.9,poste-19
2026-10-06T09:54:06,72.0,poste-18
2026-10-06T09:54:07,34.0,poste-10
2026-10-06T09:54:08,48.4,poste-17
2026-10-06T09:54:09,59.0,poste-15
2026-10-06T09:55:10,91.2,poste-13
2026-10-06T09:55:11,69.1,poste-15
2026-10-06T09:55:12,70.5,poste-05
2026-10-06T09:55:13,89.5,poste-11
2026-10-06T09:55:14,53.7,poste-20
2026-10-06T09:55:15,65.7,poste-03
2026-10-06T09:55:16,26.3,poste-11
2026-10-06T09:55:17,38.3,poste-11
2026-10-06T09:55:18,72.2,poste-09
2026-10-06T09:55:19,68.4,poste-13
2026-10-06T09:56:20,41.7,poste-15
2026-10-06T09:56:21,82.5,poste-12
2026-10-06T09:56:22,79.8,poste-17
2026-10-06T09:56:23,97.2,poste-14
2026-10-06T09:56:24,33.4,poste-01
2026-10-06T09:56:25,30.0,poste-08
2026-10-06T09:56:26,73.0,poste-03
2026-10-06T09:56:27,36.8,poste-13
2026-10-06T09:56:28,28.2,poste-03
2026-10-06T09:56:29,94.9,poste-16
2026-10-06T09:57:30,63.9,poste-01
2026-10-06T09:57:31,81.7,poste-17
2026-10-06T09:57:32,81.2,poste-03
2026-10-06T09:57:33,28.3,poste-20
2026-10-06T09:57:34,32.4,poste-13
2026-10-06T09:57:35,44.7,poste-08
2026-10-06T09:57:36,79.0,poste-15
2026-10-06T09:57:37,70.1,poste-05
2026-10-06T09:57:38,62.1,poste-06
2026-10-06T09:57:39,22.3,poste-12
2026-10-06T09:58:40,88.8,poste-11
2026-10-06T09:58:41,89.1,poste-15
2026-10-06T09:58:42,98.0,poste-18
2026-10-06T09:58:43,94.8,poste-18
2026-10-06T09:58:44,55.6,poste-18
2026-10-06T09:58:45,34.2,poste-20
2026-10-06T09:58:46,56.5,poste-19
2026-10-06T09:58:47,54.8,poste-18
2026-10-06T09:58:48,44.8,poste-12
2026-10-06T09:58:49,58.5,poste-08
2026-10-06T09:59:50,84.4,poste-15
2026-10-06T09:59:51,44.6,poste-14
2026-10-06T09:59:52,40.8,poste-10
2026-10-06T09:59:53,20.8,poste-17
2026-10-06T09:59:54,85.2,poste-05
2026-10-06T09:59:55,47.5,poste-16
2026-10-06T09:59:56,62.8,poste-16
2026-10-06T09:59:57,95.8,poste-16
2026-10-06T09:59:58,44.0,poste-14
2026-10-06T09:59:59,83.8,poste-20
2026-10-06T10:00:00,38.5,poste-01
2026-10-06T10:00:01,63.9,poste-07
2026-10-06T10:00:02,52.9,poste-18
2026-10-06T10:00:03,55.0,poste-08
2026-10-06T10:00:04,33.1,poste-13
2026-10-06T10:00:05,86.3,poste-08
2026-10-06T10:00:06,41.0,poste-14
2026-10-06T10:00:07,70.0,poste-17
2026-10-06T10:00:08,81.2,poste-20
2026-10-06T10:00:09,84.6,poste-09
2026-10-06T10:01:10,42.8,poste-18
2026-10-06T10:01:11,84.7,poste-14
2026-10-06T10:01:12,35.0,poste-03
2026-10-06T10:01:13,34.6,poste-10
2026-10-06T10:01:14,28.8,poste-15
2026-10-06T10:01:15,69.4,poste-09
2026-10-06T10:01:16,76.0,poste-16
2026-10-06T10:01:17,35.0,poste-01
2026-10-06T10:01:18,32.2,poste-18
2026-10-06T10:01:19,21.8,poste-04
2026-10-06T10:02:20,42.6,poste-05
2026-10-06T10:02:21,77.2,poste-01
2026-10-06T10:02:22,38.6,poste-05
2026-10-06T10:02:23,21.2,poste-07
2026-10-06T10:02:24,47.4,poste-10
2026-10-06T10:02:25,82.9,poste-16
2026-10-06T10:02:26,99.8,poste-15
2026-10-06T10:02:27,75.8,poste-02
2026-10-06T10:02:28,46.4,poste-05
2026-10-06T10:02:29,24.5,poste-13
2026-10-06T10:03:30,25.7,poste-16
2026-10-06T10:03:31,34.5,poste-09
2026-10-06T10:03:32,85.4,poste-01
2026-10-06T10:03:33,29.8,poste-08
2026-10-06T10:03:34,50.8,poste-15
2026-10-06T10:03:35,39.8,poste-02
2026-10-06T10:03:36,35.9,poste-04
2026-10-06T10:03:37,61.7,poste-07
2026-10-06T10:03:38,57.8,poste-10
2026-10-06T10:03:39,94.9,poste-06
2026-10-06T10:04:40,70.3,poste-02
2026-10-06T10:04:41,79.6,poste-18
2026-10-06T10:04:42,61.7,poste-09
2026-10-06T10:04:43,58.5,poste-10
2026-10-06T10:04:44,35.9,poste-02
2026-10-06T10:04:45,89.1,poste-07
2026-10-06T10:04:46,97.9,poste-08
2026-10-06T10:04:47,70.6,poste-11
2026-10-06T10:04:48,21.2,poste-09
2026-10-06T10:04:49,66.8,poste-13
2026-10-06T10:05:50,83.1,poste-01
2026-10-06T10:05:51,97.5,poste-19
2026-10-06T10:05:52,82.7,poste-16
2026-10-06T10:05:53,75.1,poste-05
2026-10-06T10:05:54,49.7,poste-03
2026-10-06T10:05:55,39.9,poste-16
2026-10-06T10:05:56,27.3,poste-20
2026-10-06T10:05:57,47.1,poste-02
2026-10-06T10:05:58,24.8,poste-05
2026-10-06T10:05:59,76.1,poste-04
2026-10-06T10:06:00,30.1,poste-08
2026-10-06T10:06:01,45.3,poste-18
2026-10-06T10:06:02,83.1,poste-12
2026-10-06T10:06:03,84.4,poste-15
2026-10-06T10:06:04,78.7,poste-01
2026-10-06T10:06:05,75.1,poste-12
2026-10-06T10:06:06,78.0,poste-09
2026-10-06T10:06:07,91.9,poste-16
2026-10-06T10:06:08,76.5,poste-18
2026-10-06T10:06:09,43.6,poste-16
2026-10-06T10:07:10,35.2,poste-06
2026-10-06T10:07:11,63.5,poste-11
2026-10-06T10:07:12,78.6,poste-09
2026-10-06T10:07:13,89.4,poste-20
2026-10-06T10:07:14,93.2,poste-18
2026-10-06T10:07:15,32.8,poste-17
2026-10-06T10:07:16,32.4,poste-10
2026-10-06T10:07:17,85.6,poste-18
2026-10-06T10:07:18,49.4,poste-01
2026-10-06T10:07:19,82.1,poste-17
2026-10-06T10:08:20,50.3,poste-06
2026-10-06T10:08:21,90.6,poste-20
2026-10-06T10:08:22,88.5,poste-20
2026-10-06T10:08:23,39.1,poste-03
2026-10-06T10:08:24,72.7,poste-18
2026-10-06T10:08:25,85.5,poste-07
2026-10-06T10:08:26,61.9,poste-16
2026-10-06T10:08:27,81.3,poste-05
2026-10-06T10:08:28,69.0,poste-11
2026-10-06T10:08:29,52.8,poste-11
2026-10-06T10:09:30,28.8,poste-17
2026-10-06T10:09:31,72.7,poste-02
2026-10-06T10:09:32,86.8,poste-05
2026-10-06T10:09:33,34.3,poste-02
2026-10-06T10:09:34,36.2,poste-16
2026-10-06T10:09:35,35.3,poste-02
2026-10-06T10:09:36,65.7,poste-13
2026-10-06T10:09:37,72.6,poste-17
2026-10-06T10:09:38,69.9,poste-19
2026-10-06T10:09:39,40.5,poste-12
2026-10-06T10:10:40,37.7,poste-03
2026-10-06T10:10:41,21.0,poste-07
2026-10-06T10:10:42,72.5,poste-03
2026-10-06T10:10:43,57.4,poste-02
2026-10-06T10:10:44,48.9,poste-14
2026-10-06T10:10:45,85.8,poste-02
2026-10-06T10:10:46,85.9,poste-09
2026-10-06T10:10:47,62.3,poste-03
2026-10-06T10:10:48,86.8,poste-03
2026-10-06T10:10:49,95.6,poste-17
2026-10-06T10:11:50,27.8,poste-08
2026-10-06T10:11:51,62.5,poste-07
2026-10-06T10:11:52,35.4,poste-08
2026-10-06T10:11:53,65.6,poste-06
2026-10-06T10:11:54,64.7,poste-18
2026-10-06T10:11:55,53.2,poste-04
2026-10-06T10:11:56,81.3,poste-19
2026-10-06T10:11:57,48.6,poste-15
2026-10-06T10:11:58,76.2,poste-14
2026-10-06T10:11:59,90.6,poste-06
2026-10-06T10:12:00,83.4,poste-18
2026-10-06T10:12:01,52.1,poste-11
2026-10-06T10:12:02,72.6,poste-18
2026-10-06T10:12:03,99.9,poste-15
2026-10-06T10:12:04,94.7,poste-11
2026-10-06T10:12:05,64.0,poste-11
2026-10-06T10:12:06,87.6,poste-14
2026-10-06T10:12:07,81.1,poste-14
2026-10-06T10:12:08,86.1,poste-11
2026-10-06T10:12:09,68.7,poste-19
2026-10-06T10:13:10,63.7,poste-13
2026-10-06T10:13:11,81.3,poste-09
2026-10-06T10:13:12,48.8,poste-15
2026-10-06T10:13:13,55.8,poste-13
2026-10-06T10:13:14,20.0,poste-02
2026-10-06T10:13:15,98.6,poste-20
2026-10-06T10:13:16,21.3,poste-05
2026-10-06T10:13:17,99.5,poste-10
2026-10-06T10:13:18,20.5,poste-08
2026-10-06T10:13:19,37.2,poste-11
2026-10-06T10:14:20,21.7,poste-09
2026-10-06T10:14:21,93.5,poste-17
2026-10-06T10:14:22,64.5,poste-19
2026-10-06T10:14:23,32.4,poste-02
2026-10-06T10:14:24,56.8,poste-05
2026-10-06T10:14:25,31.1,poste-12
2026-10-06T10:14:26,91.2,poste-08
2026-10-06T10:14:27,38.6,poste-10
2026-10-06T10:14:28,27.4,poste-13
2026-10-06T10:14:29,65.5,poste-07
2026-10-06T10:15:30,78.7,poste-11
2026-10-06T10:15:31,83.4,poste-06
2026-10-06T10:15:32,59.1,poste-19
2026-10-06T10:15:33,85.6,poste-04
2026-10-06T10:15:34,67.6,poste-10
2026-10-06T10:15:35,23.0,poste-19
2026-10-06T10:15:36,50.5,poste-02
2026-10-06T10:15:37,93.7,poste-11
2026-10-06T10:15:38,47.8,poste-14
2026-10-06T10:15:39,53.3,poste-04
2026-10-06T10:16:40,89.6,poste-08
2026-10-06T10:16:41,79.8,poste-20
2026-10-06T10:16:42,94.3,poste-13
2026-10-06T10:16:43,24.3,poste-17
2026-10-06T10:16:44,23.3,poste-18
2026-10-06T10:16:45,65.2,poste-11
2026-10-06T10:16:46,60.2,poste-08
2026-10-06T10:16:47,32.3,poste-13
2026-10-06T10:16:48,97.7,poste-20
2026-10-06T10:16:49,66.0,poste-03
2026-10-06T10:17:50,37.8,poste-10
2026-10-06T10:17:51,82.9,poste-05
2026-10-06T10:17:52,30.6,poste-03
2026-10-06T10:17:53,58.1,poste-02
2026-10-06T10:17:54,63.9,poste-09
2026-10-06T10:17:55,26.8,poste-17
2026-10-06T10:17:56,54.8,poste-05
2026-10-06T10:17:57,81.0,poste-16
2026-10-06T10:17:58,64.7,poste-16
2026-10-06T10:17:59,51.6,poste-19
2026-10-06T10:18:00,35.7,poste-20
2026-10-06T10:18:01,99.8,poste-17
2026-10-06T10:18:02,39.7,poste-03
2026-10-06T10:18:03,41.3,poste-14
2026-10-06T10:18:04,45.9,poste-19
2026-10-06T10:18:05,27.2,poste-14
2026-10-06T10:18:06,53.9,poste-12
2026-10-06T10:18:07,35.2,poste-12
2026-10-06T10:18:08,67.5,poste-01
2026-10-06T10:18:09,81.6,poste-06
2026-10-06T10:19:10,99.0,poste-20
2026-10-06T10:19:11,85.7,poste-15
2026-10-06T10:19:12,69.9,poste-15
2026-10-06T10:19:13,23.6,poste-08
2026-10-06T10:19:14,36.0,poste-12
2026-10-06T10:19:15,32.5,poste-03
2026-10-06T10:19:16,29.0,poste-02
2026-10-06T10:19:17,39.4,poste-20
2026-10-06T10:19:18,94.1,poste-10
2026-10-06T10:19:19,21.1,poste-04
2026-10-06T10:20:20,44.4,poste-16
2026-10-06T10:20:21,21.8,poste-07
2026-10-06T10:20:22,79.2,poste-07
2026-10-06T10:20:23,36.3,poste-17
2026-10-06T10:20:24,80.0,poste-18
2026-10-06T10:20:25,58.6,poste-05
2026-10-06T10:20:26,75.6,poste-01
2026-10-06T10:20:27,50.1,poste-17
2026-10-06T10:20:28,23.5,poste-06
2026-10-06T10:20:29,24.8,poste-07
2026-10-06T10:21:30,83.1,poste-20
2026-10-06T10:21:31,41.7,poste-15
2026-10-06T10:21:32,72.4,poste-01
2026-10-06T10:21:33,25.3,poste-09
2026-10-06T10:21:34,73.0,poste-12
2026-10-06T10:21:35,89.1,poste-01
2026-10-06T10:21:36,43.4,poste-13
2026-10-06T10:21:37,38.5,poste-13
2026-10-06T10:21:38,60.7,poste-04
2026-10-06T10:21:39,92.3,poste-16
2026-10-06T10:22:40,89.3,poste-18
2026-10-06T10:22:41,27.0,poste-07
2026-10-06T10:22:42,60.1,poste-15
2026-10-06T10:22:43,64.9,poste-01
2026-10-06T10:22:44,23.2,poste-17
2026-10-06T10:22:45,44.4,poste-16
2026-10-06T10:22:46,51.5,poste-06
2026-10-06T10:22:47,21.5,poste-12
2026-10-06T10:22:48,48.4,poste-10
2026-10-06T10:22:49,38.9,poste-17
2026-10-06T10:23:50,42.1,poste-02
2026-10-06T10:23:51,70.1,poste-13
2026-10-06T10:23:52,91.2,poste-01
2026-10-06T10:23:53,95.5,poste-09
2026-10-06T10:23:54,38.0,poste-11
2026-10-06T10:23:55,91.8,poste-05
2026-10-06T10:23:56,27.0,poste-13
2026-10-06T10:23:57,61.7,poste-20
2026-10-06T10:23:58,89.8,poste-08
2026-10-06T10:23:59,53.4,poste-19
2026-10-06T10:24:00,32.2,poste-10
2026-10-06T10:24:01,92.8,poste-11
2026-10-06T10:24:02,55.9,poste-05
2026-10-06T10:24:03,36.5,poste-05
2026-10-06T10:24:04,66.5,poste-07
2026-10-06T10:24:05,89.0,poste-10
2026-10-06T10:24:06,75.1,poste-17
2026-10-06T10:24:07,92.8,poste-14
2026-10-06T10:24:08,99.7,poste-05
2026-10-06T10:24:09,72.5,poste-19
2026-10-06T10:25:10,93.4,poste-11
2026-10-06T10:25:11,25.4,poste-18
2026-10-06T10:25:12,95.9,poste-04
2026-10-06T10:25:13,34.7,poste-05
2026-10-06T10:25:14,78.2,poste-11
2026-10-06T10:25:15,90.4,poste-14
2026-10-06T10:25:16,96.9,poste-10
2026-10-06T10:25:17,55.4,poste-09
2026-10-06T10:25:18,32.2,poste-07
2026-10-06T10:25:19,28.5,poste-06
2026-10-06T10:26:20,22.1,poste-20
2026-10-06T10:26:21,69.4,poste-20
2026-10-06T10:26:22,65.4,poste-08
2026-10-06T10:26:23,67.7,poste-08
2026-10-06T10:26:24,75.0,poste-12
2026-10-06T10:26:25,26.4,poste-16
2026-10-06T10:26:26,30.7,poste-20
2026-10-06T10:26:27,57.5,poste-12
2026-10-06T10:26:28,34.7,poste-13
2026-10-06T10:26:29,59.3,poste-05
2026-10-06T10:27:30,33.1,poste-08
2026-10-06T10:27:31,22.6,poste-01
2026-10-06T10:27:32,94.0,poste-14
2026-10-06T10:27:33,37.8,poste-07
2026-10-06T10:27:34,80.6,poste-03
2026-10-06T10:27:35,34.2,poste-15
2026-10-06T10:27:36,89.4,poste-16
2026-10-06T10:27:37,75.0,poste-15
2026-10-06T10:27:38,91.0,poste-14
2026-10-06T10:27:39,52.4,poste-02
2026-10-06T10:28:40,68.6,poste-13
2026-10-06T10:28:41,77.6,poste-13
2026-10-06T10:28:42,68.9,poste-19
2026-10-06T10:28:43,67.5,poste-17
2026-10-06T10:28:44,71.3,poste-02
2026-10-06T10:28:45,61.7,poste-15
2026-10-06T10:28:46,56.6,poste-02
2026-10-06T10:28:47,90.2,poste-08
2026-10-06T10:28:48,61.5,poste-13
2026-10-06T10:28:49,98.7,poste-02
2026-10-06T10:29:50,64.6,poste-17
2026-10-06T10:29:51,81.2,poste-02
2026-10-06T10:29:52,35.2,poste-15
2026-10-06T10:29:53,51.8,poste-10
2026-10-06T10:29:54,81.9,poste-10
2026-10-06T10:29:55,56.9,poste-14
2026-10-06T10:29:56,43.6,poste-02
2026-10-06T10:29:57,75.2,poste-05
2026-10-06T10:29:58,57.1,poste-15
2026-10-06T10:29:59,27.2,poste-17
2026-10-06T10:30:00,29.1,poste-19
2026-10-06T10:30:01,95.0,poste-18
2026-10-06T10:30:02,30.8,poste-14
2026-10-06T10:30:03,45.9,poste-01
2026-10-06T10:30:04,34.3,poste-19
2026-10-06T10:30:05,91.7,poste-07
2026-10-06T10:30:06,90.6,poste-03
2026-10-06T10:30:07,40.0,poste-06
2026-10-06T10:30:08,77.5,poste-04
2026-10-06T10:30:09,27.3,poste-15
2026-10-06T10:31:10,70.7,poste-03
2026-10-06T10:31:11,61.9,poste-13
2026-10-06T10:31:12,78.1,poste-17
2026-10-06T10:31:13,69.0,poste-06
2026-10-06T10:31:14,50.3,poste-13
2026-10-06T10:31:15,23.5,poste-06
2026-10-06T10:31:16,93.0,poste-19
2026-10-06T10:31:17,89.7,poste-05
2026-10-06T10:31:18,33.0,poste-05
2026-10-06T10:31:19,34.3,poste-02
2026-10-06T10:32:20,53.6,poste-10
2026-10-06T10:32:21,78.4,poste-15
2026-10-06T10:32:22,43.1,poste-06
2026-10-06T10:32:23,29.4,poste-05
2026-10-06T10:32:24,96.8,poste-01
2026-10-06T10:32:25,69.8,poste-09
2026-10-06T10:32:26,21.0,poste-16
2026-10-06T10:32:27,88.4,poste-18
2026-10-06T10:32:28,84.6,poste-20
2026-10-06T10:32:29,90.6,poste-08
2026-10-06T10:33:30,37.3,poste-16
2026-10-06T10:33:31,56.3,poste-15
2026-10-06T10:33:32,26.4,poste-20
2026-10-06T10:33:33,20.5,poste-18
2026-10-06T10:33:34,42.2,poste-18
2026-10-06T10:33:35,85.6,poste-07
2026-10-06T10:33:36,23.9,poste-05
2026-10-06T10:33:37,24.4,poste-12
2026-10-06T10:33:38,22.9,poste-02
2026-10-06T10:33:39,73.4,poste-20
2026-10-06T10:34:40,43.9,poste-03
2026-10-06T10:34:41,23.9,poste-14
2026-10-06T10:34:42,99.5,poste-06
2026-10-06T10:34:43,73.8,poste-20
2026-10-06T10:34:44,72.9,poste-20
2026-10-06T10:34:45,65.8,poste-18
2026-10-06T10:34:46,34.2,poste-15
2026-10-06T10:34:47,79.9,poste-12
2026-10-06T10:34:48,94.5,poste-03
2026-10-06T10:34:49,81.5,poste-11
2026-10-06T10:35:50,49.5,poste-13
2026-10-06T10:35:51,85.6,poste-14
2026-10-06T10:35:52,87.5,poste-03
2026-10-06T10:35:53,43.4,poste-05
2026-10-06T10:35:54,29.8,poste-09
2026-10-06T10:35:55,46.3,poste-14
2026-10-06T10:35:56,62.0,poste-07
2026-10-06T10:35:57,69.0,poste-04
2026-10-06T10:35:58,65.7,poste-17
2026-10-06T10:35:59,99.0,poste-16
2026-10-06T10:36:00,77.9,poste-20
2026-10-06T10:36:01,94.7,poste-10
2026-10-06T10:36:02,54.2,poste-11
2026-10-06T10:36:03,40.8,poste-19
2026-10-06T10:36:04,99.6,poste-12
2026-10-06T10:36:05,94.2,poste-20
2026-10-06T10:36:06,65.0,poste-17
2026-10-06T10:36:07,78.3,poste-16
2026-10-06T10:36:08,59.4,poste-06
2026-10-06T10:36:09,90.7,poste-08
2026-10-06T10:37:10,76.7,poste-07
2026-10-06T10:37:11,20.1,poste-01
2026-10-06T10:37:12,57.2,poste-04
2026-10-06T10:37:13,79.0,poste-07
2026-10-06T10:37:14,84.0,poste-14
2026-10-06T10:37:15,53.1,poste-11
2026-10-06T10:37:16,48.0,poste-07
2026-10-06T10:37:17,20.9,poste-07
2026-10-06T10:37:18,75.2,poste-09
2026-10-06T10:37:19,83.2,poste-10
2026-10-06T10:38:20,44.0,poste-18
2026-10-06T10:38:21,45.9,poste-01
2026-10-06T10:38:22,29.1,poste-11
2026-10-06T10:38:23,47.3,poste-19
2026-10-06T10:38:24,69.3,poste-01
2026-10-06T10:38:25,86.6,poste-07
2026-10-06T10:38:26,46.4,poste-11
2026-10-06T10:38:27,93.8,poste-16
2026-10-06T10:38:28,93.3,poste-02
2026-10-06T10:38:29,71.7,poste-16
2026-10-06T10:39:30,32.4,poste-15
2026-10-06T10:39:31,91.4,poste-18
2026-10-06T10:39:32,91.7,poste-15
2026-10-06T10:39:33,82.7,poste-14
2026-10-06T10:39:34,94.2,poste-02
2026-10-06T10:39:35,86.8,poste-10
2026-10-06T10:39:36,65.2,poste-11
2026-10-06T10:39:37,64.4,poste-01
2026-10-06T10:39:38,36.7,poste-11
2026-10-06T10:39:39,84.0,poste-12
2026-10-06T10:40:40,25.3,poste-05
2026-10-06T10:40:41,42.4,poste-01
2026-10-06T10:40:42,47.1,poste-13
2026-10-06T10:40:43,70.1,poste-06
2026-10-06T10:40:44,65.7,poste-13
2026-10-06T10:40:45,35.0,poste-04
2026-10-06T10:40:46,89.2,poste-10
2026-10-06T10:40:47,76.4,poste-11
2026-10-06T10:40:48,76.8,poste-09
2026-10-06T10:40:49,53.1,poste-16
2026-10-06T10:41:50,90.2,poste-12
2026-10-06T10:41:51,56.2,poste-10
2026-10-06T10:41:52,37.3,poste-10
2026-10-06T10:41:53,34.0,poste-12
2026-10-06T10:41:54,82.8,poste-07
2026-10-06T10:41:55,93.1,poste-15
2026-10-06T10:41:56,60.5,poste-16
2026-10-06T10:41:57,92.4,poste-05
2026-10-06T10:41:58,35.2,poste-16
2026-10-06T10:41:59,78.6,poste-17
2026-10-06T10:42:00,44.8,poste-11
2026-10-06T10:42:01,31.5,poste-04
2026-10-06T10:42:02,85.8,poste-17
2026-10-06T10:42:03,74.1,poste-05
2026-10-06T10:42:04,36.4,poste-02
2026-10-06T10:42:05,56.7,poste-17
2026-10-06T10:42:06,29.3,poste-10
2026-10-06T10:42:07,94.6,poste-20
2026-10-06T10:42:08,89.8,poste-11
2026-10-06T10:42:09,57.4,poste-02
2026-10-06T10:43:10,28.2,poste-10
2026-10-06T10:43:11,21.8,poste-10
2026-10-06T10:43:12,71.1,poste-07
2026-10-06T10:43:13,45.7,poste-07
2026-10-06T10:43:14,42.9,poste-18
2026-10-06T10:43:15,45.5,poste-15
2026-10-06T10:43:16,73.7,poste-09
2026-10-06T10:43:17,31.9,poste-09
2026-10-06T10:43:18,29.2,poste-20
2026-10-06T10:43:19,64.8,poste-04
2026-10-06T10:44:20,36.5,poste-12
2026-10-06T10:44:21,63.9,poste-09
2026-10-06T10:44:22,31.3,poste-10
2026-10-06T10:44:23,65.9,poste-06
2026-10-06T10:44:24,25.7,poste-20
2026-10-06T10:44:25,91.4,poste-18
2026-10-06T10:44:26,55.5,poste-05
2026-10-06T10:44:27,22.3,poste-02
2026-10-06T10:44:28,28.5,poste-02
2026-10-06T10:44:29,26.9,poste-13
2026-10-06T10:45:30,34.3,poste-20
2026-10-06T10:45:31,91.3,poste-15
2026-10-06T10:45:32,69.3,poste-10
2026-10-06T10:45:33,46.6,poste-07
2026-10-06T10:45:34,77.0,poste-18
2026-10-06T10:45:35,26.3,poste-15
2026-10-06T10:45:36,65.4,poste-03
2026-10-06T10:45:37,85.0,poste-15
2026-10-06T10:45:38,27.8,poste-10
2026-10-06T10:45:39,74.8,poste-15
2026-10-06T10:46:40,57.6,poste-08
2026-10-06T10:46:41,31.5,poste-20
2026-10-06T10:46:42,40.6,poste-12
2026-10-06T10:46:43,51.4,poste-11
2026-10-06T10:46:44,83.1,poste-11
2026-10-06T10:46:45,56.3,poste-01
2026-10-06T10:46:46,25.2,poste-04
2026-10-06T10:46:47,48.1,poste-15
2026-10-06T10:46:48,87.7,poste-10
2026-10-06T10:46:49,81.4,poste-20
2026-10-06T10:47:50,66.0,poste-17
2026-10-06T10:47:51,28.2,poste-04
2026-10-06T10:47:52,46.1,poste-03
2026-10-06T10:47:53,83.4,poste-18
2026-10-06T10:47:54,56.9,poste-19
2026-10-06T10:47:55,53.1,poste-20
2026-10-06T10:47:56,39.5,poste-06
2026-10-06T10:47:57,97.9,poste-13
2026-10-06T10:47:58,25.3,poste-07
2026-10-06T10:47:59,85.1,poste-19
2026-10-06T10:48:00,54.5,poste-14
2026-10-06T10:48:01,65.4,poste-11
2026-10-06T10:48:02,63.6,poste-08
2026-10-06T10:48:03,33.8,poste-03
2026-10-06T10:48:04,79.1,poste-19
2026-10-06T10:48:05,86.9,poste-04
2026-10-06T10:48:06,67.4,poste-15
2026-10-06T10:48:07,46.0,poste-04
2026-10-06T10:48:08,85.8,poste-06
2026-10-06T10:48:09,44.6,poste-13
2026-10-06T10:49:10,25.6,poste-04
2026-10-06T10:49:11,74.8,poste-20
2026-10-06T10:49:12,81.7,poste-13
2026-10-06T10:49:13,46.2,poste-02
2026-10-06T10:49:14,27.2,poste-05
2026-10-06T10:49:15,91.0,poste-01
2026-10-06T10:49:16,80.6,poste-05
2026-10-06T10:49:17,56.2,poste-10
2026-10-06T10:49:18,51.2,poste-19
2026-10-06T10:49:19,55.8,poste-07
2026-10-06T10:50:20,74.5,poste-11
2026-10-06T10:50:21,44.0,poste-10
2026-10-06T10:50:22,93.5,poste-14
2026-10-06T10:50:23,77.4,poste-12
2026-10-06T10:50:24,99.2,poste-19
2026-10-06T10:50:25,20.6,poste-17
2026-10-06T10:50:26,52.3,poste-05
2026-10-06T10:50:27,88.2,poste-02
2026-10-06T10:50:28,49.5,poste-18
2026-10-06T10:50:29,97.4,poste-01
2026-10-06T10:51:30,76.3,poste-12
2026-10-06T10:51:31,28.8,poste-10
2026-10-06T10:51:32,89.3,poste-08
2026-10-06T10:51:33,54.5,poste-19
2026-10-06T10:51:34,51.5,poste-11
2026-10-06T10:51:35,76.9,poste-13
2026-10-06T10:51:36,50.5,poste-18
2026-10-06T10:51:37,36.9,poste-06
2026-10-06T10:51:38,58.0,poste-07
2026-10-06T10:51:39,64.4,poste-12
2026-10-06T10:52:40,87.2,poste-05
2026-10-06T10:52:41,43.1,poste-05
2026-10-06T10:52:42,30.7,poste-03
2026-10-06T10:52:43,71.9,poste-05
2026-10-06T10:52:44,77.7,poste-16
2026-10-06T10:52:45,72.6,poste-05
2026-10-06T10:52:46,26.8,poste-14
2026-10-06T10:52:47,88.8,poste-20
2026-10-06T10:52:48,94.4,poste-20
2026-10-06T10:52:49,34.4,poste-17
2026-10-06T10:53:50,53.9,poste-15
2026-10-06T10:53:51,50.8,poste-08
2026-10-06T10:53:52,34.9,poste-20
2026-10-06T10:53:53,20.6,poste-16
2026-10-06T10:53:54,87.7,poste-08
2026-10-06T10:53:55,77.0,poste-09
2026-10-06T10:53:56,52.9,poste-18
2026-10-06T10:53:57,66.1,poste-02
2026-10-06T10:53:58,98.3,poste-19
2026-10-06T10:53:59,58.7,poste-12
2026-10-06T10:54:00,29.1,poste-16
2026-10-06T10:54:01,96.9,poste-03
2026-10-06T10:54:02,31.4,poste-17
2026-10-06T10:54:03,98.7,poste-09
2026-10-06T10:54:04,57.2,poste-03
2026-10-06T10:54:05,61.9,poste-20
2026-10-06T10:54:06,27.1,poste-16
2026-10-06T10:54:07,70.5,poste-03
2026-10-06T10:54:08,74.7,poste-18
2026-10-06T10:54:09,83.8,poste-10
2026-10-06T10:55:10,69.0,poste-11
2026-10-06T10:55:11,62.8,poste-01
2026-10-06T10:55:12,57.5,poste-17
2026-10-06T10:55:13,92.5,poste-19
2026-10-06T10:55:14,78.7,poste-14
2026-10-06T10:55:15,48.2,poste-10
2026-10-06T10:55:16,43.1,poste-02
2026-10-06T10:55:17,75.6,poste-20
2026-10-06T10:55:18,80.0,poste-19
2026-10-06T10:55:19,40.8,poste-16
2026-10-06T10:56:20,66.3,poste-19
2026-10-06T10:56:21,24.1,poste-10
2026-10-06T10:56:22,84.7,poste-20
2026-10-06T10:56:23,22.2,poste-16
2026-10-06T10:56:24,26.6,poste-17
2026-10-06T10:56:25,26.1,poste-09
2026-10-06T10:56:26,40.2,poste-20
2026-10-06T10:56:27,42.5,poste-09
2026-10-06T10:56:28,21.1,poste-04
2026-10-06T10:56:29,68.3,poste-19
2026-10-06T10:57:30,79.1,poste-15
2026-10-06T10:57:31,49.6,poste-06
2026-10-06T10:57:32,40.9,poste-08
2026-10-06T10:57:33,58.8,poste-17
2026-10-06T10:57:34,89.0,poste-11
2026-10-06T10:57:35,98.7,poste-05
2026-10-06T10:57:36,67.6,poste-05
2026-10-06T10:57:37,87.0,poste-14
2026-10-06T10:57:38,81.6,poste-08
2026-10-06T10:57:39,72.9,poste-06
2026-10-06T10:58:40,36.9,poste-12
2026-10-06T10:58:41,24.3,poste-09
2026-10-06T10:58:42,80.4,poste-04
2026-10-06T10:58:43,24.2,poste-15
2026-10-06T10:58:44,51.9,poste-10
2026-10-06T10:58:45,58.1,poste-18
2026-10-06T10:58:46,38.7,poste-13
2026-10-06T10:58:47,58.0,poste-05
2026-10-06T10:58:48,62.4,poste-14
2026-10-06T10:58:49,20.9,poste-15
2026-10-06T10:59:50,50.6,poste-11
2026-10-06T10:59:51,96.9,poste-02
2026-10-06T10:59:52,27.8,poste-18
2026-10-06T10:59:53,71.0,poste-14
2026-10-06T10:59:54,68.8,poste-09
2026-10-06T10:59:55,46.8,poste-09
2026-10-06T10:59:56,84.2,poste-09
2026-10-06T10:59:57,72.3,poste-13
2026-10-06T10:59:58,56.9,poste-08
2026-10-06T10:59:59,78.7,poste-19
2026-10-06T11:00:00,81.6,poste-17
2026-10-06T11:00:01,47.0,poste-06
2026-10-06T11:00:02,45.1,poste-01
2026-10-06T11:00:03,73.8,poste-03
2026-10-06T11:00:04,21.0,poste-04
2026-10-06T11:00:05,62.0,poste-15
2026-10-06T11:00:06,48.1,poste-10
2026-10-06T11:00:07,40.2,poste-02
2026-10-06T11:00:08,21.9,poste-03
2026-10-06T11:00:09,24.6,poste-20
2026-10-06T11:01:10,72.5,poste-07
2026-10-06T11:01:11,96.0,poste-04
2026-10-06T11:01:12,76.6,poste-04
2026-10-06T11:01:13,26.9,poste-20
2026-10-06T11:01:14,30.4,poste-19
2026-10-06T11:01:15,84.3,poste-06
2026-10-06T11:01:16,91.7,poste-06
2026-10-06T11:01:17,40.3,poste-15
2026-10-06T11:01:18,72.8,poste-03
2026-10-06T11:01:19,71.1,poste-09
2026-10-06T11:02:20,81.5,poste-11
2026-10-06T11:02:21,40.6,poste-03
2026-10-06T11:02:22,42.2,poste-02
2026-10-06T11:02:23,50.6,poste-11
2026-10-06T11:02:24,99.7,poste-09
2026-10-06T11:02:25,96.4,poste-09
2026-10-06T11:02:26,34.2,poste-03
2026-10-06T11:02:27,59.3,poste-07
2026-10-06T11:02:28,68.8,poste-06
2026-10-06T11:02:29,71.6,poste-04
2026-10-06T11:03:30,31.5,poste-14
2026-10-06T11:03:31,37.5,poste-04
2026-10-06T11:03:32,93.0,poste-09
2026-10-06T11:03:33,28.3,poste-03
2026-10-06T11:03:34,25.6,poste-09
2026-10-06T11:03:35,82.2,poste-01
2026-10-06T11:03:36,91.7,poste-05
2026-10-06T11:03:37,72.2,poste-01
2026-10-06T11:03:38,94.6,poste-13
2026-10-06T11:03:39,41.3,poste-11
2026-10-06T11:04:40,92.4,poste-19
2026-10-06T11:04:41,20.3,poste-16
2026-10-06T11:04:42,58.3,poste-13
2026-10-06T11:04:43,87.5,poste-03
2026-10-06T11:04:44,63.2,poste-01
2026-10-06T11:04:45,50.8,poste-16
2026-10-06T11:04:46,29.7,poste-18
2026-10-06T11:04:47,94.8,poste-12
2026-10-06T11:04:48,46.7,poste-10
2026-10-06T11:04:49,52.0,poste-03
2026-10-06T11:05:50,49.2,poste-11
2026-10-06T11:05:51,26.4,poste-15
2026-10-06T11:05:52,80.8,poste-10
2026-10-06T11:05:53,71.8,poste-06
2026-10-06T11:05:54,64.4,poste-13
2026-10-06T11:05:55,72.9,poste-10
2026-10-06T11:05:56,75.7,poste-04
2026-10-06T11:05:57,70.4,poste-12
2026-10-06T11:05:58,58.9,poste-15
2026-10-06T11:05:59,78.8,poste-05
2026-10-06T11:06:00,22.9,poste-01
2026-10-06T11:06:01,77.6,poste-19
2026-10-06T11:06:02,39.1,poste-13
2026-10-06T11:06:03,25.0,poste-18
2026-10-06T11:06:04,71.5,poste-16
2026-10-06T11:06:05,62.7,poste-15
2026-10-06T11:06:06,97.3,poste-01
2026-10-06T11:06:07,23.0,poste-02
2026-10-06T11:06:08,47.0,poste-02
2026-10-06T11:06:09,52.4,poste-07
2026-10-06T11:07:10,84.6,poste-17
2026-10-06T11:07:11,56.7,poste-18
2026-10-06T11:07:12,31.9,poste-19
2026-10-06T11:07:13,38.6,poste-03
2026-10-06T11:07:14,23.0,poste-05
2026-10-06T11:07:15,59.1,poste-01
2026-10-06T11:07:16,57.7,poste-20
2026-10-06T11:07:17,23.7,poste-05
2026-10-06T11:07:18,21.1,poste-02
2026-10-06T11:07:19,92.4,poste-04
2026-10-06T11:08:20,56.5,poste-06
2026-10-06T11:08:21,86.8,poste-03
2026-10-06T11:08:22,85.4,poste-04
2026-10-06T11:08:23,29.1,poste-20
2026-10-06T11:08:24,83.9,poste-08
2026-10-06T11:08:25,25.0,poste-07
2026-10-06T11:08:26,54.1,poste-13
2026-10-06T11:08:27,45.9,poste-19
2026-10-06T11:08:28,63.7,poste-11
2026-10-06T11:08:29,86.9,poste-07
2026-10-06T11:09:30,81.1,poste-19
2026-10-06T11:09:31,33.9,poste-03
2026-10-06T11:09:32,29.7,poste-05
2026-10-06T11:09:33,80.6,poste-06
2026-10-06T11:09:34,75.7,poste-18
2026-10-06T11:09:35,33.2,poste-08
2026-10-06T11:09:36,94.1,poste-02
2026-10-06T11:09:37,30.7,poste-20
2026-10-06T11:09:38,50.1,poste-06
2026-10-06T11:09:39,21.3,poste-16
2026-10-06T11:10:40,26.5,poste-01
2026-10-06T11:10:41,34.4,poste-03
2026-10-06T11:10:42,76.5,poste-19
2026-10-06T11:10:43,91.0,poste-14
2026-10-06T11:10:44,75.5,poste-16
2026-10-06T11:10:45,75.4,poste-07
2026-10-06T11:10:46,31.4,poste-09
2026-10-06T11:10:47,61.8,poste-14
2026-10-06T11:10:48,39.1,poste-06
2026-10-06T11:10:49,68.8,poste-02
2026-10-06T11:11:50,67.7,poste-16
2026-10-06T11:11:51,69.0,poste-03
2026-10-06T11:11:52,70.2,poste-10
2026-10-06T11:11:53,47.8,poste-01
2026-10-06T11:11:54,64.6,poste-07
2026-10-06T11:11:55,29.4,poste-17
2026-10-06T11:11:56,98.1,poste-20
2026-10-06T11:11:57,49.0,poste-18
2026-10-06T11:11:58,60.6,poste-15
2026-10-06T11:11:59,81.6,poste-07
2026-10-06T11:12:00,42.1,poste-07
2026-10-06T11:12:01,29.0,poste-05
2026-10-06T11:12:02,74.8,poste-16
2026-10-06T11:12:03,59.8,poste-06
2026-10-06T11:12:04,73.6,poste-02
2026-10-06T11:12:05,24.3,poste-12
2026-10-06T11:12:06,42.8,poste-14
2026-10-06T11:12:07,40.1,poste-20
2026-10-06T11:12:08,84.4,poste-15
2026-10-06T11:12:09,23.5,poste-02
2026-10-06T11:13:10,94.0,poste-06
2026-10-06T11:13:11,32.6,poste-01
2026-10-06T11:13:12,58.8,poste-04
2026-10-06T11:13:13,25.7,poste-08
2026-10-06T11:13:14,77.7,poste-19
2026-10-06T11:13:15,66.4,poste-14
2026-10-06T11:13:16,35.9,poste-11
2026-10-06T11:13:17,38.4,poste-04
2026-10-06T11:13:18,46.1,poste-04
2026-10-06T11:13:19,39.0,poste-14
2026-10-06T11:14:20,89.6,poste-13
2026-10-06T11:14:21,91.3,poste-03
2026-10-06T11:14:22,57.7,poste-16
2026-10-06T11:14:23,24.3,poste-14
2026-10-06T11:14:24,31.6,poste-20
2026-10-06T11:14:25,56.4,poste-13
2026-10-06T11:14:26,49.9,poste-15
2026-10-06T11:14:27,77.6,poste-12
2026-10-06T11:14:28,98.0,poste-07
2026-10-06T11:14:29,46.9,poste-02
2026-10-06T11:15:30,75.4,poste-02
2026-10-06T11:15:31,42.4,poste-04
2026-10-06T11:15:32,88.1,poste-15
2026-10-06T11:15:33,53.5,poste-11
2026-10-06T11:15:34,37.6,poste-10
2026-10-06T11:15:35,68.3,poste-20
2026-10-06T11:15:36,92.4,poste-19
2026-10-06T11:15:37,97.6,poste-08
2026-10-06T11:15:38,26.9,poste-17
2026-10-06T11:15:39,59.1,poste-07
2026-10-06T11:16:40,67.3,poste-15
2026-10-06T11:16:41,42.3,poste-14
2026-10-06T11:16:42,78.9,poste-08
2026-10-06T11:16:43,39.8,poste-14
2026-10-06T11:16:44,66.4,poste-19
2026-10-06T11:16:45,95.7,poste-19
2026-10-06T11:16:46,91.9,poste-14
2026-10-06T11:16:47,98.4,poste-02
2026-10-06T11:16:48,99.3,poste-17
2026-10-06T11:16:49,22.7,poste-17
2026-10-06T11:17:50,51.5,poste-04
2026-10-06T11:17:51,56.2,poste-08
2026-10-06T11:17:52,26.6,poste-01
2026-10-06T11:17:53,75.5,poste-14
2026-10-06T11:17:54,96.0,poste-05
2026-10-06T11:17:55,48.7,poste-08
2026-10-06T11:17:56,71.8,poste-03
2026-10-06T11:17:57,21.3,poste-10
2026-10-06T11:17:58,32.9,poste-15
2026-10-06T11:17:59,88.6,poste-19
2026-10-06T11:18:00,22.0,poste-15
2026-10-06T11:18:01,57.1,poste-05
2026-10-06T11:18:02,89.9,poste-13
2026-10-06T11:18:03,34.8,poste-12
2026-10-06T11:18:04,70.1,poste-01
2026-10-06T11:18:05,88.8,poste-03
2026-10-06T11:18:06,50.8,poste-11
2026-10-06T11:18:07,62.5,poste-10
2026-10-06T11:18:08,54.1,poste-09
2026-10-06T11:18:09,75.8,poste-20
2026-10-06T11:19:10,63.4,poste-07
2026-10-06T11:19:11,83.0,poste-03
2026-10-06T11:19:12,69.6,poste-11
2026-10-06T11:19:13,78.9,poste-02
2026-10-06T11:19:14,61.2,poste-12
2026-10-06T11:19:15,91.0,poste-04
2026-10-06T11:19:16,50.6,poste-15
2026-10-06T11:19:17,69.5,poste-12
2026-10-06T11:19:18,49.3,poste-18
2026-10-06T11:19:19,76.4,poste-18
2026-10-06T11:20:20,76.7,poste-07
2026-10-06T11:20:21,31.1,poste-11
2026-10-06T11:20:22,39.1,poste-04
2026-10-06T11:20:23,71.9,poste-19
2026-10-06T11:20:24,89.7,poste-07
2026-10-06T11:20:25,80.3,poste-08
2026-10-06T11:20:26,45.6,poste-09
2026-10-06T11:20:27,60.3,poste-14
2026-10-06T11:20:28,42.2,poste-03
2026-10-06T11:20:29,49.8,poste-15
2026-10-06T11:21:30,58.9,poste-17
2026-10-06T11:21:31,86.4,poste-16
2026-10-06T11:21:32,76.8,poste-18
2026-10-06T11:21:33,92.0,poste-15
2026-10-06T11:21:34,69.7,poste-03
2026-10-06T11:21:35,35.1,poste-15
2026-10-06T11:21:36,27.0,poste-13
2026-10-06T11:21:37,91.8,poste-10
2026-10-06T11:21:38,96.7,poste-03
2026-10-06T11:21:39,28.7,poste-09
2026-10-06T11:22:40,29.0,poste-05
2026-10-06T11:22:41,59.7,poste-07
2026-10-06T11:22:42,61.7,poste-01
2026-10-06T11:22:43,43.5,poste-18
2026-10-06T11:22:44,94.5,poste-16
2026-10-06T11:22:45,47.7,poste-15
2026-10-06T11:22:46,79.0,poste-01
2026-10-06T11:22:47,43.3,poste-03
2026-10-06T11:22:48,21.8,poste-08
2026-10-06T11:22:49,86.8,poste-17
2026-10-06T11:23:50,71.6,poste-14
2026-10-06T11:23:51,66.3,poste-11
2026-10-06T11:23:52,58.9,poste-17
2026-10-06T11:23:53,87.4,poste-15
2026-10-06T11:23:54,56.6,poste-19
2026-10-06T11:23:55,30.6,poste-10
2026-10-06T11:23:56,33.7,poste-09
2026-10-06T11:23:57,38.1,poste-12
2026-10-06T11:23:58,97.7,poste-02
2026-10-06T11:23:59,31.9,poste-10
2026-10-06T11:24:00,56.5,poste-06
2026-10-06T11:24:01,69.5,poste-06
2026-10-06T11:24:02,76.9,poste-10
2026-10-06T11:24:03,34.6,poste-06
2026-10-06T11:24:04,87.1,poste-05
2026-10-06T11:24:05,32.9,poste-04
2026-10-06T11:24:06,23.3,poste-11
2026-10-06T11:24:07,66.0,poste-15
2026-10-06T11:24:08,40.8,poste-06
2026-10-06T11:24:09,36.4,poste-02
2026-10-06T11:25:10,73.2,poste-12
2026-10-06T11:25:11,31.8,poste-15
2026-10-06T11:25:12,63.2,poste-06
2026-10-06T11:25:13,62.7,poste-04
2026-10-06T11:25:14,93.6,poste-13
2026-10-06T11:25:15,94.5,poste-05
2026-10-06T11:25:16,95.8,poste-11
2026-10-06T11:25:17,32.5,poste-18
2026-10-06T11:25:18,98.0,poste-11
2026-10-06T11:25:19,71.8,poste-10
2026-10-06T11:26:20,57.9,poste-10
2026-10-06T11:26:21,97.6,poste-19
2026-10-06T11:26:22,73.4,poste-19
2026-10-06T11:26:23,78.3,poste-15
2026-10-06T11:26:24,47.1,poste-04
2026-10-06T11:26:25,78.5,poste-02
2026-10-06T11:26:26,31.2,poste-18
2026-10-06T11:26:27,29.4,poste-01
2026-10-06T11:26:28,52.1,poste-08
2026-10-06T11:26:29,55.7,poste-03
2026-10-06T11:27:30,46.1,poste-20
2026-10-06T11:27:31,71.3,poste-19
2026-10-06T11:27:32,62.1,poste-09
2026-10-06T11:27:33,35.7,poste-03
2026-10-06T11:27:34,63.1,poste-15
2026-10-06T11:27:35,74.2,poste-03
2026-10-06T11:27:36,98.1,poste-13
2026-10-06T11:27:37,35.6,poste-11
2026-10-06T11:27:38,68.3,poste-17
2026-10-06T11:27:39,95.5,poste-12
2026-10-06T11:28:40,51.8,poste-14
2026-10-06T11:28:41,49.6,poste-12
2026-10-06T11:28:42,21.0,poste-12
2026-10-06T11:28:43,48.1,poste-15
2026-10-06T11:28:44,89.9,poste-03
2026-10-06T11:28:45,37.3,poste-15
2026-10-06T11:28:46,79.3,poste-14
2026-10-06T11:28:47,84.3,poste-10
2026-10-06T11:28:48,33.1,poste-14
2026-10-06T11:28:49,78.3,poste-14
2026-10-06T11:29:50,31.2,poste-19
2026-10-06T11:29:51,67.8,poste-05
2026-10-06T11:29:52,36.6,poste-16
2026-10-06T11:29:53,99.1,poste-17
2026-10-06T11:29:54,98.9,poste-03
2026-10-06T11:29:55,94.7,poste-19
2026-10-06T11:29:56,80.5,poste-03
2026-10-06T11:29:57,20.5,poste-09
2026-10-06T11:29:58,53.2,poste-18
2026-10-06T11:29:59,57.0,poste-19
2026-10-06T11:30:00,80.4,poste-05
2026-10-06T11:30:01,35.9,poste-13
2026-10-06T11:30:02,43.2,poste-16
2026-10-06T11:30:03,23.4,poste-10
2026-10-06T11:30:04,86.8,poste-10
2026-10-06T11:30:05,59.5,poste-15
2026-10-06T11:30:06,38.0,poste-01
2026-10-06T11:30:07,32.3,poste-10
2026-10-06T11:30:08,96.5,poste-16
2026-10-06T11:30:09,29.9,poste-10
2026-10-06T11:31:10,53.4,poste-16
2026-10-06T11:31:11,92.5,poste-08
2026-10-06T11:31:12,22.3,poste-09
2026-10-06T11:31:13,59.4,poste-03
2026-10-06T11:31:14,67.9,poste-12
2026-10-06T11:31:15,66.5,poste-19
2026-10-06T11:31:16,54.9,poste-09
2026-10-06T11:31:17,70.2,poste-16
2026-10-06T11:31:18,97.9,poste-04
2026-10-06T11:31:19,49.9,poste-19
2026-10-06T11:32:20,21.4,poste-09
2026-10-06T11:32:21,33.0,poste-02
2026-10-06T11:32:22,31.7,poste-15
2026-10-06T11:32:23,90.3,poste-05
2026-10-06T11:32:24,48.6,poste-02
2026-10-06T11:32:25,41.8,poste-14
2026-10-06T11:32:26,70.9,poste-12
2026-10-06T11:32:27,23.9,poste-10
2026-10-06T11:32:28,62.4,poste-03
2026-10-06T11:32:29,61.1,poste-06
2026-10-06T11:33:30,81.2,poste-20
2026-10-06T11:33:31,80.2,poste-18
2026-10-06T11:33:32,45.8,poste-11
2026-10-06T11:33:33,86.1,poste-10
2026-10-06T11:33:34,41.7,poste-12
2026-10-06T11:33:35,27.7,poste-19
2026-10-06T11:33:36,48.1,poste-05
2026-10-06T11:33:37,21.0,poste-17
2026-10-06T11:33:38,42.5,poste-16
2026-10-06T11:33:39,53.0,poste-06
2026-10-06T11:34:40,28.2,poste-05
2026-10-06T11:34:41,60.3,poste-07
2026-10-06T11:34:42,83.6,poste-18
2026-10-06T11:34:43,69.1,poste-17
2026-10-06T11:34:44,87.7,poste-18
2026-10-06T11:34:45,76.2,poste-04
2026-10-06T11:34:46,53.4,poste-03
2026-10-06T11:34:47,29.3,poste-05
2026-10-06T11:34:48,93.9,poste-16
2026-10-06T11:34:49,47.9,poste-12
2026-10-06T11:35:50,31.1,poste-15
2026-10-06T11:35:51,91.2,poste-20
2026-10-06T11:35:52,61.8,poste-11
2026-10-06T11:35:53,33.8,poste-10
2026-10-06T11:35:54,22.3,poste-04
2026-10-06T11:35:55,37.8,poste-05
2026-10-06T11:35:56,75.0,poste-10
2026-10-06T11:35:57,30.0,poste-05
2026-10-06T11:35:58,98.5,poste-14
2026-10-06T11:35:59,75.3,poste-04
2026-10-06T11:36:00,26.2,poste-16
2026-10-06T11:36:01,80.6,poste-02
2026-10-06T11:36:02,35.7,poste-02
2026-10-06T11:36:03,83.4,poste-17
2026-10-06T11:36:04,67.5,poste-16
2026-10-06T11:36:05,29.5,poste-09
2026-10-06T11:36:06,23.5,poste-10
2026-10-06T11:36:07,73.4,poste-04
2026-10-06T11:36:08,82.6,poste-20
2026-10-06T11:36:09,36.4,poste-07
2026-10-06T11:37:10,34.8,poste-12
2026-10-06T11:37:11,22.3,poste-05
2026-10-06T11:37:12,87.7,poste-09
2026-10-06T11:37:13,95.9,poste-12
2026-10-06T11:37:14,48.2,poste-17
2026-10-06T11:37:15,82.5,poste-20
2026-10-06T11:37:16,39.3,poste-19
2026-10-06T11:37:17,25.5,poste-19
2026-10-06T11:37:18,81.1,poste-17
2026-10-06T11:37:19,37.4,poste-07
2026-10-06T11:38:20,97.1,poste-06
2026-10-06T11:38:21,92.1,poste-18
2026-10-06T11:38:22,20.3,poste-04
2026-10-06T11:38:23,93.9,poste-17
2026-10-06T11:38:24,88.1,poste-16
2026-10-06T11:38:25,49.3,poste-19
2026-10-06T11:38:26,34.8,poste-04
2026-10-06T11:38:27,34.5,poste-12
2026-10-06T11:38:28,98.5,poste-14
2026-10-06T11:38:29,37.1,poste-08
2026-10-06T11:39:30,52.6,poste-11
2026-10-06T11:39:31,29.9,poste-04
2026-10-06T11:39:32,61.6,poste-16
2026-10-06T11:39:33,81.0,poste-10
2026-10-06T11:39:34,64.6,poste-02
2026-10-06T11:39:35,26.6,poste-16
2026-10-06T11:39:36,29.3,poste-10
2026-10-06T11:39:37,56.6,poste-10
2026-10-06T11:39:38,75.0,poste-15
2026-10-06T11:39:39,38.1,poste-14
2026-10-06T11:40:40,43.2,poste-14
2026-10-06T11:40:41,35.1,poste-03
2026-10-06T11:40:42,91.6,poste-16
2026-10-06T11:40:43,95.1,poste-12
2026-10-06T11:40:44,34.3,poste-16
2026-10-06T11:40:45,73.8,poste-13
2026-10-06T11:40:46,55.0,poste-03
2026-10-06T11:40:47,29.5,poste-13
2026-10-06T11:40:48,52.0,poste-19
2026-10-06T11:40:49,98.2,poste-06
2026-10-06T11:41:50,25.2,poste-07
2026-10-06T11:41:51,47.1,poste-20
2026-10-06T11:41:52,87.5,poste-13
2026-10-06T11:41:53,29.8,poste-14
2026-10-06T11:41:54,78.0,poste-09
2026-10-06T11:41:55,81.2,poste-19
2026-10-06T11:41:56,67.5,poste-13
2026-10-06T11:41:57,48.5,poste-20
2026-10-06T11:41:58,96.0,poste-16
2026-10-06T11:41:59,60.9,poste-05
2026-10-06T11:42:00,81.4,poste-04
2026-10-06T11:42:01,29.8,poste-16
2026-10-06T11:42:02,59.8,poste-05
2026-10-06T11:42:03,22.4,poste-02
2026-10-06T11:42:04,86.4,poste-16
2026-10-06T11:42:05,74.2,poste-06
2026-10-06T11:42:06,50.6,poste-11
2026-10-06T11:42:07,32.2,poste-20
2026-10-06T11:42:08,69.9,poste-03
2026-10-06T11:42:09,72.9,poste-17
2026-10-06T11:43:10,81.4,poste-15
2026-10-06T11:43:11,36.2,poste-16
2026-10-06T11:43:12,59.2,poste-09
2026-10-06T11:43:13,63.4,poste-18
2026-10-06T11:43:14,63.7,poste-02
2026-10-06T11:43:15,99.3,poste-04
2026-10-06T11:43:16,50.7,poste-11
2026-10-06T11:43:17,88.2,poste-15
2026-10-06T11:43:18,56.8,poste-02
2026-10-06T11:43:19,34.1,poste-10
2026-10-06T11:44:20,90.8,poste-06
2026-10-06T11:44:21,59.3,poste-05
2026-10-06T11:44:22,45.0,poste-13
2026-10-06T11:44:23,59.0,poste-04
2026-10-06T11:44:24,65.5,poste-16
2026-10-06T11:44:25,72.8,poste-18
2026-10-06T11:44:26,65.8,poste-16
2026-10-06T11:44:27,65.0,poste-06
2026-10-06T11:44:28,60.5,poste-13
2026-10-06T11:44:29,41.1,poste-19
2026-10-06T11:45:30,97.7,poste-20
2026-10-06T11:45:31,74.1,poste-10
2026-10-06T11:45:32,45.6,poste-01
2026-10-06T11:45:33,67.2,poste-05
2026-10-06T11:45:34,87.0,poste-12
2026-10-06T11:45:35,84.8,poste-19
2026-10-06T11:45:36,22.2,poste-11
2026-10-06T11:45:37,50.4,poste-14
2026-10-06T11:45:38,47.6,poste-12
2026-10-06T11:45:39,53.0,poste-02
2026-10-06T11:46:40,72.9,poste-08
2026-10-06T11:46:41,38.8,poste-10
2026-10-06T11:46:42,67.4,poste-03
2026-10-06T11:46:43,89.5,poste-04
2026-10-06T11:46:44,47.0,poste-01
2026-10-06T11:46:45,63.1,poste-02
2026-10-06T11:46:46,56.9,poste-14
2026-10-06T11:46:47,65.4,poste-14
2026-10-06T11:46:48,41.3,poste-16
2026-10-06T11:46:49,67.0,poste-11
2026-10-06T11:47:50,50.2,poste-13
2026-10-06T11:47:51,45.8,poste-04
2026-10-06T11:47:52,84.7,poste-04
2026-10-06T11:47:53,75.3,poste-07
2026-10-06T11:47:54,46.9,poste-17
2026-10-06T11:47:55,84.9,poste-11
2026-10-06T11:47:56,33.3,poste-10
2026-10-06T11:47:57,49.1,poste-14
2026-10-06T11:47:58,36.1,poste-03
2026-10-06T11:47:59,87.2,poste-18
2026-10-06T11:48:00,37.1,poste-09
2026-10-06T11:48:01,23.8,poste-19
2026-10-06T11:48:02,52.2,poste-08
2026-10-06T11:48:03,70.0,poste-03
2026-10-06T11:48:04,77.4,poste-19
2026-10-06T11:48:05,27.6,poste-11
2026-10-06T11:48:06,41.9,poste-19
2026-10-06T11:48:07,84.1,poste-16
2026-10-06T11:48:08,54.2,poste-12
2026-10-06T11:48:09,83.7,poste-10
2026-10-06T11:49:10,60.4,poste-10
2026-10-06T11:49:11,54.6,poste-18
2026-10-06T11:49:12,45.1,poste-14
2026-10-06T11:49:13,52.2,poste-20
2026-10-06T11:49:14,61.2,poste-18
2026-10-06T11:49:15,34.4,poste-01
2026-10-06T11:49:16,70.2,poste-17
2026-10-06T11:49:17,89.0,poste-19
2026-10-06T11:49:18,59.9,poste-15
2026-10-06T11:49:19,41.4,poste-18
2026-10-06T11:50:20,84.7,poste-14
2026-10-06T11:50:21,94.8,poste-02
2026-10-06T11:50:22,61.8,poste-12
2026-10-06T11:50:23,57.0,poste-08
2026-10-06T11:50:24,32.0,poste-10
2026-10-06T11:50:25,87.5,poste-14
2026-10-06T11:50:26,45.5,poste-03
2026-10-06T11:50:27,70.7,poste-14
2026-10-06T11:50:28,41.4,poste-10
2026-10-06T11:50:29,71.7,poste-09
2026-10-06T11:51:30,74.9,poste-08
2026-10-06T11:51:31,52.5,poste-04
2026-10-06T11:51:32,32.0,poste-01
2026-10-06T11:51:33,39.6,poste-10
2026-10-06T11:51:34,57.1,poste-18
2026-10-06T11:51:35,99.3,poste-14
2026-10-06T11:51:36,71.8,poste-02
2026-10-06T11:51:37,36.2,poste-09
2026-10-06T11:51:38,30.9,poste-09
2026-10-06T11:51:39,83.2,poste-09
2026-10-06T11:52:40,72.7,poste-06
2026-10-06T11:52:41,71.5,poste-02
2026-10-06T11:52:42,97.1,poste-16
2026-10-06T11:52:43,82.6,poste-02
2026-10-06T11:52:44,88.8,poste-03
2026-10-06T11:52:45,45.1,poste-10
2026-10-06T11:52:46,89.4,poste-14
2026-10-06T11:52:47,91.7,poste-03
2026-10-06T11:52:48,51.8,poste-05
2026-10-06T11:52:49,38.9,poste-19
2026-10-06T11:53:50,78.8,poste-04
2026-10-06T11:53:51,61.8,poste-19
2026-10-06T11:53:52,96.0,poste-17
2026-10-06T11:53:53,40.1,poste-03
2026-10-06T11:53:54,39.0,poste-04
2026-10-06T11:53:55,81.9,poste-11
2026-10-06T11:53:56,46.3,poste-19
2026-10-06T11:53:57,79.0,poste-08
2026-10-06T11:53:58,94.8,poste-07
2026-10-06T11:53:59,31.5,poste-06
2026-10-06T11:54:00,37.1,poste-09
2026-10-06T11:54:01,55.2,poste-09
2026-10-06T11:54:02,89.0,poste-02
2026-10-06T11:54:03,59.2,poste-12
2026-10-06T11:54:04,76.0,poste-04
2026-10-06T11:54:05,45.3,poste-14
2026-10-06T11:54:06,58.0,poste-08
2026-10-06T11:54:07,97.1,poste-05
2026-10-06T11:54:08,49.0,poste-12
2026-10-06T11:54:09,85.7,poste-01
2026-10-06T11:55:10,71.6,poste-20
2026-10-06T11:55:11,22.8,poste-02
2026-10-06T11:55:12,75.3,poste-08
2026-10-06T11:55:13,40.2,poste-13
2026-10-06T11:55:14,44.7,poste-12
2026-10-06T11:55:15,92.3,poste-04
2026-10-06T11:55:16,62.8,poste-08
2026-10-06T11:55:17,88.6,poste-13
2026-10-06T11:55:18,20.6,poste-13
2026-10-06T11:55:19,94.2,poste-09
2026-10-06T11:56:20,44.1,poste-08
2026-10-06T11:56:21,43.8,poste-06
2026-10-06T11:56:22,93.3,poste-11
2026-10-06T11:56:23,90.4,poste-14
2026-10-06T11:56:24,83.1,poste-09
2026-10-06T11:56:25,89.3,poste-16
2026-10-06T11:56:26,57.7,poste-14
2026-10-06T11:56:27,94.1,poste-11
2026-10-06T11:56:28,77.4,poste-04
2026-10-06T11:56:29,86.0,poste-09
2026-10-06T11:57:30,60.5,poste-12
2026-10-06T11:57:31,53.7,poste-18
2026-10-06T11:57:32,79.0,poste-15
2026-10-06T11:57:33,75.6,poste-02
2026-10-06T11:57:34,71.3,poste-06
2026-10-06T11:57:35,70.4,poste-05
2026-10-06T11:57:36,20.2,poste-07
2026-10-06T11:57:37,70.3,poste-11
2026-10-06T11:57:38,66.1,poste-04
2026-10-06T11:57:39,32.6,poste-17
2026-10-06T11:58:40,77.1,poste-05
2026-10-06T11:58:41,87.8,poste-14
2026-10-06T11:58:42,83.4,poste-11
2026-10-06T11:58:43,56.1,poste-05
2026-10-06T11:58:44,40.9,poste-19
2026-10-06T11:58:45,86.1,poste-10
2026-10-06T11:58:46,35.9,poste-14
2026-10-06T11:58:47,49.4,poste-13
2026-10-06T11:58:48,90.1,poste-19
2026-10-06T11:58:49,38.0,poste-01
2026-10-06T11:59:50,93.8,poste-20
2026-10-06T11:59:51,70.1,poste-03
2026-10-06T11:59:52,97.9,poste-07
2026-10-06T11:59:53,40.9,poste-06
2026-10-06T11:59:54,24.0,poste-20
2026-10-06T11:59:55,54.3,poste-09
2026-10-06T11:59:56,31.9,poste-12
2026-10-06T11:59:57,33.6,poste-19
2026-10-06T11:59:58,29.4,poste-17
2026-10-06T11:59:59,54.8,poste-15
2026-10-06T12:00:00,86.2,poste-16
2026-10-06T12:00:01,29.5,poste-07
2026-10-06T12:00:02,35.2,poste-09
2026-10-06T12:00:03,43.0,poste-16
2026-10-06T12:00:04,50.6,poste-14
2026-10-06T12:00:05,88.5,poste-20
2026-10-06T12:00:06,37.2,poste-10
2026-10-06T12:00:07,78.1,poste-07
2026-10-06T12:00:08,53.5,poste-14
2026-10-06T12:00:09,83.4,poste-01
2026-10-06T12:01:10,43.2,poste-09
2026-10-06T12:01:11,38.8,poste-15
2026-10-06T12:01:12,92.6,poste-12
2026-10-06T12:01:13,66.6,poste-15
2026-10-06T12:01:14,26.9,poste-16
2026-10-06T12:01:15,30.7,poste-11
2026-10-06T12:01:16,98.0,poste-13
2026-10-06T12:01:17,74.9,poste-13
2026-10-06T12:01:18,76.7,poste-20
2026-10-06T12:01:19,40.5,poste-04
2026-10-06T12:02:20,64.6,poste-02
2026-10-06T12:02:21,46.6,poste-08
2026-10-06T12:02:22,57.7,poste-12
2026-10-06T12:02:23,99.7,poste-20
2026-10-06T12:02:24,76.8,poste-02
2026-10-06T12:02:25,20.4,poste-17
2026-10-06T12:02:26,69.6,poste-10
2026-10-06T12:02:27,98.2,poste-12
2026-10-06T12:02:28,30.6,poste-18
2026-10-06T12:02:29,23.3,poste-06
2026-10-06T12:03:30,40.8,poste-17
2026-10-06T12:03:31,59.4,poste-11
2026-10-06T12:03:32,90.2,poste-05
2026-10-06T12:03:33,27.2,poste-17
2026-10-06T12:03:34,54.6,poste-09
2026-10-06T12:03:35,29.3,poste-02
2026-10-06T12:03:36,98.3,poste-16
2026-10-06T12:03:37,89.7,poste-09
2026-10-06T12:03:38,79.8,poste-14
2026-10-06T12:03:39,42.6,poste-09
2026-10-06T12:04:40,69.0,poste-09
2026-10-06T12:04:41,61.4,poste-14
2026-10-06T12:04:42,91.4,poste-11
2026-10-06T12:04:43,78.9,poste-16
2026-10-06T12:04:44,81.1,poste-05
2026-10-06T12:04:45,64.5,poste-15
2026-10-06T12:04:46,24.3,poste-05
2026-10-06T12:04:47,24.4,poste-06
2026-10-06T12:04:48,22.9,poste-09
2026-10-06T12:04:49,33.1,poste-15
2026-10-06T12:05:50,54.9,poste-16
2026-10-06T12:05:51,23.3,poste-12
2026-10-06T12:05:52,99.1,poste-18
2026-10-06T12:05:53,58.8,poste-16
2026-10-06T12:05:54,29.0,poste-05
2026-10-06T12:05:55,29.9,poste-03
2026-10-06T12:05:56,36.3,poste-10
2026-10-06T12:05:57,34.5,poste-06
2026-10-06T12:05:58,80.0,poste-09
2026-10-06T12:05:59,65.1,poste-19
2026-10-06T12:06:00,37.0,poste-01
2026-10-06T12:06:01,62.1,poste-19
2026-10-06T12:06:02,34.4,poste-03
2026-10-06T12:06:03,39.7,poste-16
2026-10-06T12:06:04,74.2,poste-11
2026-10-06T12:06:05,22.1,poste-04
2026-10-06T12:06:06,51.5,poste-19
2026-10-06T12:06:07,94.3,poste-04
2026-10-06T12:06:08,87.0,poste-05
2026-10-06T12:06:09,22.3,poste-15
2026-10-06T12:07:10,86.5,poste-16
2026-10-06T12:07:11,56.3,poste-09
2026-10-06T12:07:12,67.5,poste-01
2026-10-06T12:07:13,46.4,poste-02
2026-10-06T12:07:14,72.5,poste-15
2026-10-06T12:07:15,46.0,poste-19
2026-10-06T12:07:16,30.3,poste-02
2026-10-06T12:07:17,84.1,poste-10
2026-10-06T12:07:18,45.9,poste-02
2026-10-06T12:07:19,79.5,poste-18
2026-10-06T12:08:20,96.2,poste-13
2026-10-06T12:08:21,27.4,poste-09
2026-10-06T12:08:22,34.2,poste-13
2026-10-06T12:08:23,27.1,poste-07
2026-10-06T12:08:24,33.0,poste-13
2026-10-06T12:08:25,42.8,poste-05
2026-10-06T12:08:26,29.6,poste-16
2026-10-06T12:08:27,84.1,poste-10
2026-10-06T12:08:28,92.3,poste-20
2026-10-06T12:08:29,30.5,poste-04
2026-10-06T12:09:30,86.6,poste-17
2026-10-06T12:09:31,36.0,poste-15
2026-10-06T12:09:32,90.8,poste-16
2026-10-06T12:09:33,41.5,poste-20
2026-10-06T12:09:34,53.8,poste-14
2026-10-06T12:09:35,84.9,poste-20
2026-10-06T12:09:36,34.9,poste-14
2026-10-06T12:09:37,27.4,poste-17
2026-10-06T12:09:38,47.3,poste-15
2026-10-06T12:09:39,74.1,poste-05
2026-10-06T12:10:40,94.5,poste-17
2026-10-06T12:10:41,70.4,poste-17
2026-10-06T12:10:42,26.7,poste-15
2026-10-06T12:10:43,55.0,poste-16
2026-10-06T12:10:44,44.0,poste-05
2026-10-06T12:10:45,74.7,poste-10
2026-10-06T12:10:46,87.3,poste-17
2026-10-06T12:10:47,54.2,poste-19
2026-10-06T12:10:48,23.8,poste-03
2026-10-06T12:10:49,93.4,poste-17
2026-10-06T12:11:50,28.6,poste-14
2026-10-06T12:11:51,53.0,poste-15
2026-10-06T12:11:52,72.9,poste-19
2026-10-06T12:11:53,85.0,poste-12
2026-10-06T12:11:54,40.4,poste-03
2026-10-06T12:11:55,81.5,poste-01
2026-10-06T12:11:56,29.1,poste-15
2026-10-06T12:11:57,34.4,poste-06
2026-10-06T12:11:58,87.4,poste-02
2026-10-06T12:11:59,26.7,poste-10
2026-10-06T12:12:00,45.1,poste-15
2026-10-06T12:12:01,80.6,poste-15
2026-10-06T12:12:02,69.9,poste-09
2026-10-06T12:12:03,47.3,poste-06
2026-10-06T12:12:04,36.9,poste-03
2026-10-06T12:12:05,79.8,poste-20
2026-10-06T12:12:06,40.7,poste-04
2026-10-06T12:12:07,54.7,poste-01
2026-10-06T12:12:08,20.5,poste-04
2026-10-06T12:12:09,21.1,poste-16
2026-10-06T12:13:10,56.8,poste-13
2026-10-06T12:13:11,89.5,poste-20
2026-10-06T12:13:12,78.1,poste-10
2026-10-06T12:13:13,69.5,poste-20
2026-10-06T12:13:14,48.9,poste-13
2026-10-06T12:13:15,84.4,poste-03
2026-10-06T12:13:16,30.0,poste-01
2026-10-06T12:13:17,35.3,poste-01
2026-10-06T12:13:18,75.7,poste-07
2026-10-06T12:13:19,88.7,poste-07
2026-10-06T12:14:20,58.5,poste-05
2026-10-06T12:14:21,72.0,poste-14
2026-10-06T12:14:22,87.4,poste-18
2026-10-06T12:14:23,35.3,poste-10
2026-10-06T12:14:24,81.6,poste-05
2026-10-06T12:14:25,57.9,poste-01
2026-10-06T12:14:26,29.3,poste-05
2026-10-06T12:14:27,79.1,poste-15
2026-10-06T12:14:28,97.1,poste-16
2026-10-06T12:14:29,21.6,poste-15
2026-10-06T12:15:30,66.8,poste-07
2026-10-06T12:15:31,43.6,poste-13
2026-10-06T12:15:32,24.1,poste-01
2026-10-06T12:15:33,28.2,poste-14
2026-10-06T12:15:34,98.4,poste-16
2026-10-06T12:15:35,79.0,poste-20
2026-10-06T12:15:36,78.5,poste-10
2026-10-06T12:15:37,23.0,poste-13
2026-10-06T12:15:38,58.9,poste-19
2026-10-06T12:15:39,78.0,poste-16
2026-10-06T12:16:40,38.6,poste-02
2026-10-06T12:16:41,62.3,poste-14
2026-10-06T12:16:42,66.1,poste-18
2026-10-06T12:16:43,25.1,poste-14
2026-10-06T12:16:44,91.1,poste-04
2026-10-06T12:16:45,59.6,poste-12
2026-10-06T12:16:46,55.9,poste-14
2026-10-06T12:16:47,21.7,poste-10
2026-10-06T12:16:48,78.1,poste-16
2026-10-06T12:16:49,47.5,poste-08
2026-10-06T12:17:50,60.6,poste-19
2026-10-06T12:17:51,92.7,poste-11
2026-10-06T12:17:52,93.7,poste-15
2026-10-06T12:17:53,30.5,poste-10
2026-10-06T12:17:54,77.8,poste-13
2026-10-06T12:17:55,96.8,poste-12
2026-10-06T12:17:56,83.7,poste-06
2026-10-06T12:17:57,69.7,poste-10
2026-10-06T12:17:58,75.3,poste-03
2026-10-06T12:17:59,73.4,poste-05
2026-10-06T12:18:00,33.9,poste-06
2026-10-06T12:18:01,68.5,poste-04
2026-10-06T12:18:02,83.5,poste-16
2026-10-06T12:18:03,44.3,poste-07
2026-10-06T12:18:04,64.5,poste-01
2026-10-06T12:18:05,48.7,poste-09
2026-10-06T12:18:06,48.6,poste-06
2026-10-06T12:18:07,34.0,poste-17
2026-10-06T12:18:08,22.6,poste-03
2026-10-06T12:18:09,47.0,poste-04
2026-10-06T12:19:10,69.4,poste-04
2026-10-06T12:19:11,65.0,poste-16
2026-10-06T12:19:12,40.6,poste-11
2026-10-06T12:19:13,82.8,poste-02
2026-10-06T12:19:14,81.6,poste-18
2026-10-06T12:19:15,41.4,poste-05
2026-10-06T12:19:16,88.3,poste-17
2026-10-06T12:19:17,68.3,poste-04
2026-10-06T12:19:18,76.5,poste-15
2026-10-06T12:19:19,83.9,poste-04
2026-10-06T12:20:20,98.0,poste-20
2026-10-06T12:20:21,68.8,poste-04
2026-10-06T12:20:22,85.9,poste-02
2026-10-06T12:20:23,60.6,poste-06
2026-10-06T12:20:24,70.4,poste-07
2026-10-06T12:20:25,92.9,poste-06
2026-10-06T12:20:26,78.3,poste-15
2026-10-06T12:20:27,81.0,poste-16
2026-10-06T12:20:28,78.6,poste-04
2026-10-06T12:20:29,32.3,poste-12
2026-10-06T12:21:30,46.8,poste-05
2026-10-06T12:21:31,29.8,poste-07
2026-10-06T12:21:32,55.1,poste-14
2026-10-06T12:21:33,81.5,poste-01
2026-10-06T12:21:34,39.6,poste-16
2026-10-06T12:21:35,47.3,poste-17
2026-10-06T12:21:36,33.7,poste-09
2026-10-06T12:21:37,49.8,poste-14
2026-10-06T12:21:38,48.9,poste-08
2026-10-06T12:21:39,32.1,poste-17
2026-10-06T12:22:40,53.7,poste-08
2026-10-06T12:22:41,31.0,poste-14
2026-10-06T12:22:42,53.1,poste-14
2026-10-06T12:22:43,91.8,poste-17
2026-10-06T12:22:44,83.6,poste-12
2026-10-06T12:22:45,95.5,poste-15
2026-10-06T12:22:46,31.6,poste-01
2026-10-06T12:22:47,77.4,poste-17
2026-10-06T12:22:48,95.5,poste-03
2026-10-06T12:22:49,47.1,poste-13
2026-10-06T12:23:50,98.6,poste-06
2026-10-06T12:23:51,54.7,poste-13
2026-10-06T12:23:52,80.7,poste-05
2026-10-06T12:23:53,92.2,poste-02
2026-10-06T12:23:54,98.2,poste-17
2026-10-06T12:23:55,97.8,poste-14
2026-10-06T12:23:56,52.2,poste-18
2026-10-06T12:23:57,89.9,poste-11
2026-10-06T12:23:58,92.7,poste-01
2026-10-06T12:23:59,86.2,poste-17
2026-10-06T12:24:00,68.8,poste-05
2026-10-06T12:24:01,76.0,poste-15
2026-10-06T12:24:02,71.5,poste-18
2026-10-06T12:24:03,69.9,poste-20
2026-10-06T12:24:04,72.2,poste-12
2026-10-06T12:24:05,91.0,poste-13
2026-10-06T12:24:06,82.0,poste-10
2026-10-06T12:24:07,26.7,poste-18
2026-10-06T12:24:08,46.8,poste-05
2026-10-06T12:24:09,61.6,poste-18
2026-10-06T12:25:10,42.7,poste-03
2026-10-06T12:25:11,60.9,poste-10
2026-10-06T12:25:12,61.7,poste-06
2026-10-06T12:25:13,21.9,poste-18
2026-10-06T12:25:14,67.4,poste-08
2026-10-06T12:25:15,86.6,poste-10
2026-10-06T12:25:16,78.1,poste-17
2026-10-06T12:25:17,28.8,poste-02
2026-10-06T12:25:18,87.3,poste-09
2026-10-06T12:25:19,70.2,poste-12
2026-10-06T12:26:20,29.9,poste-04
2026-10-06T12:26:21,55.9,poste-19
2026-10-06T12:26:22,78.9,poste-15
2026-10-06T12:26:23,47.1,poste-08
2026-10-06T12:26:24,84.4,poste-19
2026-10-06T12:26:25,65.2,poste-18
2026-10-06T12:26:26,87.6,poste-08
2026-10-06T12:26:27,48.0,poste-10
2026-10-06T12:26:28,73.4,poste-19
2026-10-06T12:26:29,73.8,poste-13
2026-10-06T12:27:30,61.6,poste-08
2026-10-06T12:27:31,28.4,poste-17
2026-10-06T12:27:32,66.6,poste-12
2026-10-06T12:27:33,56.3,poste-05
2026-10-06T12:27:34,76.9,poste-14
2026-10-06T12:27:35,26.6,poste-02
2026-10-06T12:27:36,54.0,poste-05
2026-10-06T12:27:37,58.1,poste-15
2026-10-06T12:27:38,26.2,poste-17
2026-10-06T12:27:39,52.2,poste-18
2026-10-06T12:28:40,61.5,poste-13
2026-10-06T12:28:41,89.8,poste-19
2026-10-06T12:28:42,59.9,poste-14
2026-10-06T12:28:43,99.7,poste-16
2026-10-06T12:28:44,78.5,poste-14
2026-10-06T12:28:45,85.9,poste-05
2026-10-06T12:28:46,60.5,poste-16
2026-10-06T12:28:47,76.9,poste-05
2026-10-06T12:28:48,97.4,poste-17
2026-10-06T12:28:49,89.1,poste-04
2026-10-06T12:29:50,75.6,poste-15
2026-10-06T12:29:51,57.9,poste-06
2026-10-06T12:29:52,95.5,poste-12
2026-10-06T12:29:53,93.7,poste-04
2026-10-06T12:29:54,68.1,poste-14
2026-10-06T12:29:55,28.8,poste-12
2026-10-06T12:29:56,65.7,poste-02
2026-10-06T12:29:57,61.8,poste-04
2026-10-06T12:29:58,49.7,poste-12
2026-10-06T12:29:59,44.3,poste-16
2026-10-06T12:30:00,22.2,poste-05
2026-10-06T12:30:01,31.4,poste-19
2026-10-06T12:30:02,53.7,poste-10
2026-10-06T12:30:03,91.1,poste-07
2026-10-06T12:30:04,34.6,poste-16
2026-10-06T12:30:05,20.2,poste-18
2026-10-06T12:30:06,47.9,poste-02
2026-10-06T12:30:07,53.4,poste-19
2026-10-06T12:30:08,44.8,poste-15
2026-10-06T12:30:09,92.0,poste-13
2026-10-06T12:31:10,58.0,poste-20
2026-10-06T12:31:11,30.6,poste-05
2026-10-06T12:31:12,60.4,poste-15
2026-10-06T12:31:13,80.9,poste-15
2026-10-06T12:31:14,31.9,poste-11
2026-10-06T12:31:15,27.1,poste-20
2026-10-06T12:31:16,73.2,poste-14
2026-10-06T12:31:17,51.0,poste-13
2026-10-06T12:31:18,47.1,poste-02
2026-10-06T12:31:19,96.6,poste-15
2026-10-06T12:32:20,78.9,poste-03
2026-10-06T12:32:21,89.3,poste-01
2026-10-06T12:32:22,65.8,poste-10
2026-10-06T12:32:23,64.9,poste-04
2026-10-06T12:32:24,71.5,poste-03
2026-10-06T12:32:25,35.4,poste-20
2026-10-06T12:32:26,63.3,poste-02
2026-10-06T12:32:27,96.6,poste-17
2026-10-06T12:32:28,35.2,poste-16
2026-10-06T12:32:29,60.2,poste-01
2026-10-06T12:33:30,29.6,poste-18
2026-10-06T12:33:31,34.4,poste-01
2026-10-06T12:33:32,42.0,poste-07
2026-10-06T12:33:33,39.6,poste-19
2026-10-06T12:33:34,55.5,poste-18
2026-10-06T12:33:35,68.5,poste-13
2026-10-06T12:33:36,67.1,poste-16
2026-10-06T12:33:37,89.0,poste-01
2026-10-06T12:33:38,47.2,poste-06
2026-10-06T12:33:39,53.2,poste-17
2026-10-06T12:34:40,45.4,poste-09
2026-10-06T12:34:41,27.3,poste-04
2026-10-06T12:34:42,63.3,poste-10
2026-10-06T12:34:43,31.5,poste-09
2026-10-06T12:34:44,81.5,poste-05
2026-10-06T12:34:45,44.5,poste-14
2026-10-06T12:34:46,74.3,poste-02
2026-10-06T12:34:47,69.2,poste-11
2026-10-06T12:34:48,34.5,poste-02
2026-10-06T12:34:49,43.8,poste-04
2026-10-06T12:35:50,45.6,poste-14
2026-10-06T12:35:51,91.4,poste-09
2026-10-06T12:35:52,50.0,poste-04
2026-10-06T12:35:53,24.2,poste-08
2026-10-06T12:35:54,80.2,poste-19
2026-10-06T12:35:55,38.9,poste-17
2026-10-06T12:35:56,80.2,poste-13
2026-10-06T12:35:57,95.9,poste-09
2026-10-06T12:35:58,24.9,poste-15
2026-10-06T12:35:59,64.2,poste-03
2026-10-06T12:36:00,58.7,poste-14
2026-10-06T12:36:01,70.7,poste-01
2026-10-06T12:36:02,41.5,poste-19
2026-10-06T12:36:03,74.0,poste-08
2026-10-06T12:36:04,81.0,poste-05
2026-10-06T12:36:05,44.4,poste-14
2026-10-06T12:36:06,55.7,poste-17
2026-10-06T12:36:07,36.3,poste-05
2026-10-06T12:36:08,49.9,poste-06
2026-10-06T12:36:09,82.6,poste-18
2026-10-06T12:37:10,96.2,poste-18
2026-10-06T12:37:11,56.1,poste-01
2026-10-06T12:37:12,85.0,poste-20
2026-10-06T12:37:13,43.1,poste-06
2026-10-06T12:37:14,20.0,poste-16
2026-10-06T12:37:15,41.9,poste-09
2026-10-06T12:37:16,87.2,poste-13
2026-10-06T12:37:17,99.9,poste-07
2026-10-06T12:37:18,66.8,poste-17
2026-10-06T12:37:19,42.5,poste-06
2026-10-06T12:38:20,79.1,poste-19
2026-10-06T12:38:21,25.6,poste-03
2026-10-06T12:38:22,51.6,poste-04
2026-10-06T12:38:23,86.4,poste-18
2026-10-06T12:38:24,99.9,poste-14
2026-10-06T12:38:25,36.9,poste-17
2026-10-06T12:38:26,96.6,poste-11
2026-10-06T12:38:27,90.7,poste-11
2026-10-06T12:38:28,70.8,poste-15
2026-10-06T12:38:29,41.8,poste-11
2026-10-06T12:39:30,47.3,poste-15
2026-10-06T12:39:31,96.7,poste-11
2026-10-06T12:39:32,21.3,poste-05
2026-10-06T12:39:33,71.7,poste-01
2026-10-06T12:39:34,68.7,poste-01
2026-10-06T12:39:35,92.1,poste-06
2026-10-06T12:39:36,53.1,poste-16
2026-10-06T12:39:37,81.0,poste-18
2026-10-06T12:39:38,26.5,poste-03
2026-10-06T12:39:39,63.1,poste-15
2026-10-06T12:40:40,73.8,poste-12
2026-10-06T12:40:41,97.8,poste-13
2026-10-06T12:40:42,86.2,poste-12
2026-10-06T12:40:43,50.9,poste-01
2026-10-06T12:40:44,30.0,poste-12
2026-10-06T12:40:45,94.9,poste-15
2026-10-06T12:40:46,20.7,poste-01
2026-10-06T12:40:47,80.7,poste-12
2026-10-06T12:40:48,35.3,poste-20
2026-10-06T12:40:49,70.0,poste-08
2026-10-06T12:41:50,38.7,poste-16
2026-10-06T12:41:51,97.4,poste-02
2026-10-06T12:41:52,42.5,poste-20
2026-10-06T12:41:53,36.7,poste-07
2026-10-06T12:41:54,98.7,poste-13
2026-10-06T12:41:55,28.9,poste-09
2026-10-06T12:41:56,65.5,poste-16
2026-10-06T12:41:57,33.6,poste-07
2026-10-06T12:41:58,72.8,poste-19
2026-10-06T12:41:59,73.8,poste-20
2026-10-06T12:42:00,65.2,poste-03
2026-10-06T12:42:01,67.1,poste-03
2026-10-06T12:42:02,30.2,poste-19
2026-10-06T12:42:03,88.4,poste-17
2026-10-06T12:42:04,78.3,poste-09
2026-10-06T12:42:05,35.3,poste-01
2026-10-06T12:42:06,99.4,poste-18
2026-10-06T12:42:07,69.2,poste-18
2026-10-06T12:42:08,90.6,poste-01
2026-10-06T12:42:09,95.0,poste-02
2026-10-06T12:43:10,88.3,poste-11
2026-10-06T12:43:11,54.6,poste-14
2026-10-06T12:43:12,41.9,poste-17
2026-10-06T12:43:13,57.3,poste-12
2026-10-06T12:43:14,61.4,poste-02
2026-10-06T12:43:15,90.7,poste-08
2026-10-06T12:43:16,23.8,poste-14
2026-10-06T12:43:17,62.6,poste-11
2026-10-06T12:43:18,20.4,poste-07
2026-10-06T12:43:19,46.8,poste-19
2026-10-06T12:44:20,84.6,poste-08
2026-10-06T12:44:21,98.2,poste-14
2026-10-06T12:44:22,96.6,poste-08
2026-10-06T12:44:23,35.8,poste-11
2026-10-06T12:44:24,44.9,poste-04
2026-10-06T12:44:25,22.2,poste-14
2026-10-06T12:44:26,84.6,poste-19
2026-10-06T12:44:27,83.8,poste-11
2026-10-06T12:44:28,87.2,poste-08
2026-10-06T12:44:29,28.6,poste-08
2026-10-06T12:45:30,96.7,poste-02
2026-10-06T12:45:31,85.7,poste-17
2026-10-06T12:45:32,83.5,poste-03
2026-10-06T12:45:33,82.1,poste-20
2026-10-06T12:45:34,55.1,poste-04
2026-10-06T12:45:35,70.0,poste-19
2026-10-06T12:45:36,30.0,poste-02
2026-10-06T12:45:37,93.3,poste-13
2026-10-06T12:45:38,45.1,poste-03
2026-10-06T12:45:39,82.6,poste-02
2026-10-06T12:46:40,93.5,poste-15
2026-10-06T12:46:41,24.4,poste-20
2026-10-06T12:46:42,70.1,poste-03
2026-10-06T12:46:43,28.1,poste-02
2026-10-06T12:46:44,64.7,poste-10
2026-10-06T12:46:45,88.0,poste-13
2026-10-06T12:46:46,27.7,poste-14
2026-10-06T12:46:47,38.6,poste-20
2026-10-06T12:46:48,83.0,poste-20
2026-10-06T12:46:49,20.8,poste-13
2026-10-06T12:47:50,57.1,poste-14
2026-10-06T12:47:51,90.4,poste-20
2026-10-06T12:47:52,28.1,poste-01
2026-10-06T12:47:53,56.3,poste-11
2026-10-06T12:47:54,67.0,poste-04
2026-10-06T12:47:55,28.2,poste-20
2026-10-06T12:47:56,77.1,poste-19
2026-10-06T12:47:57,83.2,poste-07
2026-10-06T12:47:58,92.3,poste-05
2026-10-06T12:47:59,71.0,poste-09
2026-10-06T12:48:00,48.4,poste-16
2026-10-06T12:48:01,78.0,poste-15
2026-10-06T12:48:02,34.9,poste-05
2026-10-06T12:48:03,83.8,poste-02
2026-10-06T12:48:04,30.2,poste-19
2026-10-06T12:48:05,54.9,poste-12
2026-10-06T12:48:06,44.9,poste-18
2026-10-06T12:48:07,82.0,poste-05
2026-10-06T12:48:08,57.6,poste-20
2026-10-06T12:48:09,47.4,poste-12
2026-10-06T12:49:10,97.6,poste-17
2026-10-06T12:49:11,66.9,poste-05
2026-10-06T12:49:12,24.6,poste-17
2026-10-06T12:49:13,85.5,poste-18
2026-10-06T12:49:14,88.7,poste-14
2026-10-06T12:49:15,47.5,poste-07
2026-10-06T12:49:16,71.2,poste-07
2026-10-06T12:49:17,82.8,poste-11
2026-10-06T12:49:18,35.1,poste-16
2026-10-06T12:49:19,75.6,poste-15
2026-10-06T12:50:20,68.0,poste-11
2026-10-06T12:50:21,88.2,poste-19
2026-10-06T12:50:22,97.0,poste-20
2026-10-06T12:50:23,44.0,poste-11
2026-10-06T12:50:24,33.0,poste-15
2026-10-06T12:50:25,90.1,poste-02
2026-10-06T12:50:26,59.7,poste-01
2026-10-06T12:50:27,71.1,poste-08
2026-10-06T12:50:28,57.3,poste-07
2026-10-06T12:50:29,39.1,poste-11
2026-10-06T12:51:30,84.6,poste-13
2026-10-06T12:51:31,36.4,poste-06
2026-10-06T12:51:32,86.1,poste-01
2026-10-06T12:51:33,49.0,poste-03
2026-10-06T12:51:34,48.6,poste-18
2026-10-06T12:51:35,29.2,poste-10
2026-10-06T12:51:36,55.2,poste-19
2026-10-06T12:51:37,93.0,poste-12
2026-10-06T12:51:38,23.5,poste-01
2026-10-06T12:51:39,35.9,poste-10
2026-10-06T12:52:40,33.9,poste-09
2026-10-06T12:52:41,77.5,poste-11
2026-10-06T12:52:42,87.8,poste-08
2026-10-06T12:52:43,34.3,poste-01
2026-10-06T12:52:44,34.1,poste-09
2026-10-06T12:52:45,92.9,poste-01
2026-10-06T12:52:46,86.5,poste-05
2026-10-06T12:52:47,50.3,poste-04
2026-10-06T12:52:48,47.1,poste-07
2026-10-06T12:52:49,44.4,poste-08
2026-10-06T12:53:50,49.6,poste-12
2026-10-06T12:53:51,72.9,poste-17
2026-10-06T12:53:52,98.2,poste-20
2026-10-06T12:53:53,90.5,poste-03
2026-10-06T12:53:54,29.5,poste-05
2026-10-06T12:53:55,83.6,poste-07
2026-10-06T12:53:56,62.6,poste-12
2026-10-06T12:53:57,45.4,poste-14
2026-10-06T12:53:58,98.2,poste-08
2026-10-06T12:53:59,93.7,poste-20
2026-10-06T12:54:00,67.0,poste-18
2026-10-06T12:54:01,43.5,poste-05
2026-10-06T12:54:02,46.2,poste-02
2026-10-06T12:54:03,70.4,poste-09
2026-10-06T12:54:04,89.8,poste-17
2026-10-06T12:54:05,97.5,poste-16
2026-10-06T12:54:06,36.7,poste-03
2026-10-06T12:54:07,82.8,poste-20
2026-10-06T12:54:08,25.2,poste-17
2026-10-06T12:54:09,51.0,poste-17
2026-10-06T12:55:10,49.9,poste-17
2026-10-06T12:55:11,57.1,poste-11
2026-10-06T12:55:12,77.0,poste-17
2026-10-06T12:55:13,75.6,poste-16
2026-10-06T12:55:14,57.9,poste-19
2026-10-06T12:55:15,52.1,poste-19
2026-10-06T12:55:16,72.0,poste-07
2026-10-06T12:55:17,37.6,poste-07
2026-10-06T12:55:18,56.2,poste-08
2026-10-06T12:55:19,51.7,poste-10
2026-10-06T12:56:20,54.0,poste-13
2026-10-06T12:56:21,65.7,poste-12
2026-10-06T12:56:22,40.4,poste-03
2026-10-06T12:56:23,30.7,poste-03
2026-10-06T12:56:24,43.6,poste-17
2026-10-06T12:56:25,48.1,poste-19
2026-10-06T12:56:26,23.3,poste-17
2026-10-06T12:56:27,69.7,poste-14
2026-10-06T12:56:28,56.1,poste-14
2026-10-06T12:56:29,52.7,poste-16
2026-10-06T12:57:30,45.4,poste-13
2026-10-06T12:57:31,22.0,poste-15
2026-10-06T12:57:32,38.7,poste-03
2026-10-06T12:57:33,48.7,poste-03
2026-10-06T12:57:34,43.6,poste-17
2026-10-06T12:57:35,61.0,poste-03
2026-10-06T12:57:36,82.9,poste-08
2026-10-06T12:57:37,27.9,poste-03
2026-10-06T12:57:38,48.8,poste-18
2026-10-06T12:57:39,36.0,poste-07
2026-10-06T12:58:40,74.0,poste-09
2026-10-06T12:58:41,44.2,poste-09
2026-10-06T12:58:42,35.3,poste-20
2026-10-06T12:58:43,99.8,poste-18
2026-10-06T12:58:44,93.0,poste-01
2026-10-06T12:58:45,81.6,poste-10
2026-10-06T12:58:46,85.8,poste-13
2026-10-06T12:58:47,95.7,poste-19
2026-10-06T12:58:48,80.6,poste-01
2026-10-06T12:58:49,57.8,poste-17
2026-10-06T12:59:50,99.1,poste-05
2026-10-06T12:59:51,89.2,poste-08
2026-10-06T12:59:52,38.2,poste-07
2026-10-06T12:59:53,58.0,poste-17
2026-10-06T12:59:54,67.0,poste-18
2026-10-06T12:59:55,80.6,poste-15
2026-10-06T12:59:56,47.3,poste-03
2026-10-06T12:59:57,45.0,poste-07
2026-10-06T12:59:58,54.3,poste-14
2026-10-06T12:59:59,36.8,poste-15
2026-10-06T13:00:00,88.2,poste-01
2026-10-06T13:00:01,50.0,poste-19
2026-10-06T13:00:02,89.9,poste-10
2026-10-06T13:00:03,95.5,poste-01
2026-10-06T13:00:04,60.0,poste-12
2026-10-06T13:00:05,47.2,poste-14
2026-10-06T13:00:06,54.1,poste-13
2026-10-06T13:00:07,81.0,poste-18
2026-10-06T13:00:08,44.0,poste-19
2026-10-06T13:00:09,21.9,poste-02
2026-10-06T13:01:10,93.8,poste-05
2026-10-06T13:01:11,98.2,poste-11
2026-10-06T13:01:12,65.5,poste-20
2026-10-06T13:01:13,93.1,poste-19
2026-10-06T13:01:14,89.4,poste-13
2026-10-06T13:01:15,36.3,poste-13
2026-10-06T13:01:16,25.1,poste-13
2026-10-06T13:01:17,35.1,poste-04
2026-10-06T13:01:18,46.3,poste-15
2026-10-06T13:01:19,71.1,poste-10
2026-10-06T13:02:20,27.5,poste-04
2026-10-06T13:02:21,74.0,poste-06
2026-10-06T13:02:22,22.6,poste-20
2026-10-06T13:02:23,59.1,poste-06
2026-10-06T13:02:24,35.9,poste-13
2026-10-06T13:02:25,42.7,poste-08
2026-10-06T13:02:26,43.3,poste-17
2026-10-06T13:02:27,25.6,poste-02
2026-10-06T13:02:28,49.5,poste-01
2026-10-06T13:02:29,33.7,poste-14
2026-10-06T13:03:30,51.3,poste-04
2026-10-06T13:03:31,30.3,poste-14
2026-10-06T13:03:32,58.3,poste-03
2026-10-06T13:03:33,51.1,poste-07
2026-10-06T13:03:34,30.4,poste-07
2026-10-06T13:03:35,44.8,poste-16
2026-10-06T13:03:36,32.7,poste-19
2026-10-06T13:03:37,95.1,poste-19
2026-10-06T13:03:38,36.2,poste-15
2026-10-06T13:03:39,42.0,poste-01
2026-10-06T13:04:40,99.3,poste-15
2026-10-06T13:04:41,25.1,poste-13
2026-10-06T13:04:42,68.4,poste-08
2026-10-06T13:04:43,62.1,poste-19
2026-10-06T13:04:44,90.3,poste-15
2026-10-06T13:04:45,57.0,poste-02
2026-10-06T13:04:46,79.0,poste-10
2026-10-06T13:04:47,71.7,poste-15
2026-10-06T13:04:48,47.7,poste-10
2026-10-06T13:04:49,51.3,poste-06
2026-10-06T13:05:50,53.2,poste-06
2026-10-06T13:05:51,92.0,poste-14
2026-10-06T13:05:52,56.6,poste-06
2026-10-06T13:05:53,75.9,poste-04
2026-10-06T13:05:54,51.5,poste-02
2026-10-06T13:05:55,39.2,poste-06
2026-10-06T13:05:56,41.9,poste-18
2026-10-06T13:05:57,43.4,poste-03
2026-10-06T13:05:58,75.8,poste-07
2026-10-06T13:05:59,92.7,poste-14
2026-10-06T13:06:00,99.4,poste-18
2026-10-06T13:06:01,29.7,poste-12
2026-10-06T13:06:02,26.1,poste-04
2026-10-06T13:06:03,60.4,poste-11
2026-10-06T13:06:04,52.8,poste-06
2026-10-06T13:06:05,40.2,poste-17
2026-10-06T13:06:06,23.6,poste-01
2026-10-06T13:06:07,25.9,poste-15
2026-10-06T13:06:08,50.5,poste-13
2026-10-06T13:06:09,88.5,poste-13
2026-10-06T13:07:10,23.0,poste-09
2026-10-06T13:07:11,29.2,poste-05
2026-10-06T13:07:12,46.2,poste-15
2026-10-06T13:07:13,58.8,poste-03
2026-10-06T13:07:14,26.6,poste-08
2026-10-06T13:07:15,77.1,poste-15
2026-10-06T13:07:16,31.2,poste-09
2026-10-06T13:07:17,87.3,poste-06
2026-10-06T13:07:18,87.1,poste-20
2026-10-06T13:07:19,28.0,poste-10
2026-10-06T13:08:20,29.9,poste-13
2026-10-06T13:08:21,33.5,poste-01
2026-10-06T13:08:22,74.2,poste-05
2026-10-06T13:08:23,55.3,poste-06
2026-10-06T13:08:24,37.3,poste-02
2026-10-06T13:08:25,91.4,poste-18
2026-10-06T13:08:26,37.3,poste-02
2026-10-06T13:08:27,86.9,poste-17
2026-10-06T13:08:28,71.3,poste-04
2026-10-06T13:08:29,51.2,poste-10
2026-10-06T13:09:30,55.5,poste-20
2026-10-06T13:09:31,20.4,poste-13
2026-10-06T13:09:32,81.4,poste-08
2026-10-06T13:09:33,50.0,poste-08
2026-10-06T13:09:34,36.0,poste-01
2026-10-06T13:09:35,53.7,poste-01
2026-10-06T13:09:36,47.0,poste-07
2026-10-06T13:09:37,74.4,poste-03
2026-10-06T13:09:38,37.6,poste-04
2026-10-06T13:09:39,83.8,poste-06
2026-10-06T13:10:40,77.9,poste-02
2026-10-06T13:10:41,53.3,poste-04
2026-10-06T13:10:42,85.2,poste-11
2026-10-06T13:10:43,65.0,poste-07
2026-10-06T13:10:44,70.0,poste-18
2026-10-06T13:10:45,51.6,poste-14
2026-10-06T13:10:46,29.7,poste-07
2026-10-06T13:10:47,28.5,poste-11
2026-10-06T13:10:48,33.9,poste-13
2026-10-06T13:10:49,72.3,poste-01
2026-10-06T13:11:50,51.1,poste-15
2026-10-06T13:11:51,37.6,poste-09
2026-10-06T13:11:52,72.0,poste-12
2026-10-06T13:11:53,23.5,poste-07
2026-10-06T13:11:54,52.9,poste-20
2026-10-06T13:11:55,60.0,poste-04
2026-10-06T13:11:56,77.0,poste-19
2026-10-06T13:11:57,33.7,poste-04
2026-10-06T13:11:58,68.0,poste-13
2026-10-06T13:11:59,74.2,poste-05
2026-10-06T13:12:00,46.6,poste-11
2026-10-06T13:12:01,98.2,poste-16
2026-10-06T13:12:02,25.4,poste-01
2026-10-06T13:12:03,68.7,poste-19
2026-10-06T13:12:04,55.9,poste-17
2026-10-06T13:12:05,71.2,poste-08
2026-10-06T13:12:06,60.3,poste-01
2026-10-06T13:12:07,38.6,poste-20
2026-10-06T13:12:08,80.7,poste-04
2026-10-06T13:12:09,44.7,poste-14
2026-10-06T13:13:10,80.6,poste-20
2026-10-06T13:13:11,26.4,poste-05
2026-10-06T13:13:12,50.0,poste-10
2026-10-06T13:13:13,36.2,poste-13
2026-10-06T13:13:14,36.4,poste-02
2026-10-06T13:13:15,39.0,poste-20
2026-10-06T13:13:16,99.1,poste-15
2026-10-06T13:13:17,79.1,poste-11
2026-10-06T13:13:18,30.7,poste-11
2026-10-06T13:13:19,71.5,poste-02
2026-10-06T13:14:20,61.7,poste-14
2026-10-06T13:14:21,71.8,poste-10
2026-10-06T13:14:22,80.0,poste-08
2026-10-06T13:14:23,87.8,poste-11
2026-10-06T13:14:24,47.4,poste-07
2026-10-06T13:14:25,63.1,poste-08
2026-10-06T13:14:26,84.1,poste-08
2026-10-06T13:14:27,68.6,poste-13
2026-10-06T13:14:28,61.7,poste-06
2026-10-06T13:14:29,55.4,poste-01
2026-10-06T13:15:30,25.2,poste-16
2026-10-06T13:15:31,25.6,poste-07
2026-10-06T13:15:32,24.2,poste-05
2026-10-06T13:15:33,95.1,poste-05
2026-10-06T13:15:34,27.3,poste-19
2026-10-06T13:15:35,63.9,poste-07
2026-10-06T13:15:36,38.9,poste-03
2026-10-06T13:15:37,54.1,poste-15
2026-10-06T13:15:38,44.9,poste-07
2026-10-06T13:15:39,39.6,poste-06
2026-10-06T13:16:40,68.5,poste-10
2026-10-06T13:16:41,42.8,poste-15
2026-10-06T13:16:42,97.4,poste-07
2026-10-06T13:16:43,41.7,poste-16
2026-10-06T13:16:44,26.4,poste-12
2026-10-06T13:16:45,51.9,poste-06
2026-10-06T13:16:46,57.7,poste-14
2026-10-06T13:16:47,60.4,poste-14
2026-10-06T13:16:48,80.8,poste-16
2026-10-06T13:16:49,21.6,poste-13
2026-10-06T13:17:50,54.2,poste-03
2026-10-06T13:17:51,80.7,poste-10
2026-10-06T13:17:52,67.6,poste-05
2026-10-06T13:17:53,64.2,poste-06
2026-10-06T13:17:54,40.6,poste-15
2026-10-06T13:17:55,44.5,poste-10
2026-10-06T13:17:56,50.0,poste-20
2026-10-06T13:17:57,58.5,poste-11
2026-10-06T13:17:58,30.9,poste-16
2026-10-06T13:17:59,35.7,poste-07
2026-10-06T13:18:00,20.3,poste-17
2026-10-06T13:18:01,78.4,poste-12
2026-10-06T13:18:02,59.3,poste-14
2026-10-06T13:18:03,95.2,poste-12
2026-10-06T13:18:04,50.7,poste-10
2026-10-06T13:18:05,71.3,poste-19
2026-10-06T13:18:06,25.7,poste-02
2026-10-06T13:18:07,99.4,poste-04
2026-10-06T13:18:08,50.8,poste-19
2026-10-06T13:18:09,33.0,poste-14
2026-10-06T13:19:10,96.6,poste-12
2026-10-06T13:19:11,60.8,poste-16
2026-10-06T13:19:12,70.8,poste-12
2026-10-06T13:19:13,75.7,poste-13
2026-10-06T13:19:14,94.1,poste-08
2026-10-06T13:19:15,39.4,poste-02
2026-10-06T13:19:16,93.7,poste-12
2026-10-06T13:19:17,70.5,poste-01
2026-10-06T13:19:18,75.8,poste-05
2026-10-06T13:19:19,40.9,poste-15
2026-10-06T13:20:20,95.5,poste-05
2026-10-06T13:20:21,40.3,poste-20
2026-10-06T13:20:22,66.3,poste-06
2026-10-06T13:20:23,21.0,poste-03
2026-10-06T13:20:24,71.6,poste-13
2026-10-06T13:20:25,51.8,poste-19
2026-10-06T13:20:26,97.9,poste-03
2026-10-06T13:20:27,61.5,poste-07
2026-10-06T13:20:28,90.1,poste-06
2026-10-06T13:20:29,86.4,poste-09
2026-10-06T13:21:30,75.3,poste-17
2026-10-06T13:21:31,97.4,poste-13
2026-10-06T13:21:32,66.9,poste-14
2026-10-06T13:21:33,80.2,poste-03
2026-10-06T13:21:34,28.7,poste-19
2026-10-06T13:21:35,82.1,poste-12
2026-10-06T13:21:36,85.1,poste-09
2026-10-06T13:21:37,79.9,poste-13
2026-10-06T13:21:38,75.9,poste-01
2026-10-06T13:21:39,99.0,poste-16
2026-10-06T13:22:40,20.1,poste-03
2026-10-06T13:22:41,81.9,poste-14
2026-10-06T13:22:42,62.0,poste-10
2026-10-06T13:22:43,78.6,poste-06
2026-10-06T13:22:44,34.1,poste-06
2026-10-06T13:22:45,76.3,poste-07
2026-10-06T13:22:46,58.9,poste-17
2026-10-06T13:22:47,95.9,poste-15
2026-10-06T13:22:48,65.4,poste-07
2026-10-06T13:22:49,34.9,poste-02
2026-10-06T13:23:50,80.0,poste-07
2026-10-06T13:23:51,40.7,poste-14
2026-10-06T13:23:52,55.3,poste-20
2026-10-06T13:23:53,28.7,poste-06
2026-10-06T13:23:54,26.4,poste-03
2026-10-06T13:23:55,50.2,poste-09
2026-10-06T13:23:56,25.1,poste-01
2026-10-06T13:23:57,66.9,poste-16
2026-10-06T13:23:58,58.8,poste-04
2026-10-06T13:23:59,20.8,poste-09
2026-10-06T13:24:00,80.1,poste-01
2026-10-06T13:24:01,73.2,poste-02
2026-10-06T13:24:02,27.7,poste-17
2026-10-06T13:24:03,83.3,poste-13
2026-10-06T13:24:04,68.2,poste-09
2026-10-06T13:24:05,94.6,poste-16
2026-10-06T13:24:06,80.6,poste-20
2026-10-06T13:24:07,54.4,poste-12
2026-10-06T13:24:08,74.5,poste-11
2026-10-06T13:24:09,100.0,poste-08
2026-10-06T13:25:10,95.3,poste-13
2026-10-06T13:25:11,50.3,poste-02
2026-10-06T13:25:12,98.0,poste-11
2026-10-06T13:25:13,84.5,poste-01
2026-10-06T13:25:14,56.6,poste-13
2026-10-06T13:25:15,78.0,poste-05
2026-10-06T13:25:16,22.1,poste-04
2026-10-06T13:25:17,89.5,poste-09
2026-10-06T13:25:18,96.1,poste-08
2026-10-06T13:25:19,49.5,poste-20
2026-10-06T13:26:20,74.9,poste-16
2026-10-06T13:26:21,61.2,poste-07
2026-10-06T13:26:22,20.3,poste-11
2026-10-06T13:26:23,21.3,poste-12
2026-10-06T13:26:24,89.9,poste-11
2026-10-06T13:26:25,74.2,poste-08
2026-10-06T13:26:26,68.5,poste-13
2026-10-06T13:26:27,79.1,poste-03
2026-10-06T13:26:28,47.9,poste-16
2026-10-06T13:26:29,98.9,poste-04
2026-10-06T13:27:30,78.7,poste-10
2026-10-06T13:27:31,68.6,poste-05
2026-10-06T13:27:32,89.6,poste-19
2026-10-06T13:27:33,82.8,poste-17
2026-10-06T13:27:34,22.5,poste-16
2026-10-06T13:27:35,83.7,poste-10
2026-10-06T13:27:36,86.6,poste-18
2026-10-06T13:27:37,99.0,poste-15
2026-10-06T13:27:38,33.4,poste-15
2026-10-06T13:27:39,96.4,poste-16
2026-10-06T13:28:40,73.0,poste-08
2026-10-06T13:28:41,39.5,poste-06
2026-10-06T13:28:42,80.3,poste-03
2026-10-06T13:28:43,28.4,poste-01
2026-10-06T13:28:44,32.8,poste-11
2026-10-06T13:28:45,92.2,poste-09
2026-10-06T13:28:46,37.6,poste-09
2026-10-06T13:28:47,73.3,poste-04
2026-10-06T13:28:48,73.2,poste-18
2026-10-06T13:28:49,70.7,poste-16
2026-10-06T13:29:50,27.2,poste-11
2026-10-06T13:29:51,89.8,poste-19
2026-10-06T13:29:52,81.3,poste-20
2026-10-06T13:29:53,25.2,poste-11
2026-10-06T13:29:54,50.2,poste-13
2026-10-06T13:29:55,72.3,poste-18
2026-10-06T13:29:56,97.3,poste-14
2026-10-06T13:29:57,84.7,poste-08
2026-10-06T13:29:58,40.7,poste-10
2026-10-06T13:29:59,27.0,poste-03
2026-10-06T13:30:00,47.2,poste-19
2026-10-06T13:30:01,95.0,poste-04
2026-10-06T13:30:02,65.8,poste-05
2026-10-06T13:30:03,88.3,poste-13
2026-10-06T13:30:04,66.2,poste-01
2026-10-06T13:30:05,44.9,poste-19
2026-10-06T13:30:06,62.8,poste-13
2026-10-06T13:30:07,98.4,poste-11
2026-10-06T13:30:08,81.7,poste-05
2026-10-06T13:30:09,61.6,poste-20
2026-10-06T13:31:10,67.3,poste-04
2026-10-06T13:31:11,51.6,poste-18
2026-10-06T13:31:12,88.2,poste-11
2026-10-06T13:31:13,31.6,poste-10
2026-10-06T13:31:14,87.0,poste-16
2026-10-06T13:31:15,74.4,poste-05
2026-10-06T13:31:16,68.1,poste-05
2026-10-06T13:31:17,79.8,poste-02
2026-10-06T13:31:18,67.9,poste-10
2026-10-06T13:31:19,60.2,poste-04
2026-10-06T13:32:20,41.9,poste-19
2026-10-06T13:32:21,58.3,poste-07
2026-10-06T13:32:22,59.6,poste-13
2026-10-06T13:32:23,24.7,poste-11
2026-10-06T13:32:24,32.2,poste-07
2026-10-06T13:32:25,87.8,poste-08
2026-10-06T13:32:26,76.0,poste-02
2026-10-06T13:32:27,93.9,poste-06
2026-10-06T13:32:28,88.5,poste-13
2026-10-06T13:32:29,43.9,poste-06
2026-10-06T13:33:30,99.3,poste-18
2026-10-06T13:33:31,51.4,poste-14
2026-10-06T13:33:32,74.2,poste-12
2026-10-06T13:33:33,80.6,poste-13
2026-10-06T13:33:34,25.7,poste-10
2026-10-06T13:33:35,42.6,poste-07
2026-10-06T13:33:36,76.1,poste-18
2026-10-06T13:33:37,51.5,poste-05
2026-10-06T13:33:38,45.9,poste-19
2026-10-06T13:33:39,89.3,poste-02
2026-10-06T13:34:40,88.0,poste-10
2026-10-06T13:34:41,56.6,poste-06
2026-10-06T13:34:42,66.2,poste-15
2026-10-06T13:34:43,75.7,poste-10
2026-10-06T13:34:44,91.8,poste-07
2026-10-06T13:34:45,37.5,poste-07
2026-10-06T13:34:46,78.8,poste-01
2026-10-06T13:34:47,49.0,poste-19
2026-10-06T13:34:48,28.2,poste-05
2026-10-06T13:34:49,50.1,poste-14
2026-10-06T13:35:50,74.4,poste-06
2026-10-06T13:35:51,94.1,poste-04
2026-10-06T13:35:52,48.4,poste-16
2026-10-06T13:35:53,34.4,poste-02
2026-10-06T13:35:54,29.4,poste-17
2026-10-06T13:35:55,72.0,poste-19
2026-10-06T13:35:56,54.7,poste-05
2026-10-06T13:35:57,70.2,poste-13
2026-10-06T13:35:58,39.6,poste-04
2026-10-06T13:35:59,39.3,poste-16
2026-10-06T13:36:00,44.2,poste-20
2026-10-06T13:36:01,96.4,poste-13
2026-10-06T13:36:02,82.1,poste-03
2026-10-06T13:36:03,82.2,poste-13
2026-10-06T13:36:04,42.0,poste-15
2026-10-06T13:36:05,49.4,poste-04
2026-10-06T13:36:06,29.3,poste-04
2026-10-06T13:36:07,59.1,poste-17
2026-10-06T13:36:08,38.0,poste-19
2026-10-06T13:36:09,65.8,poste-19
2026-10-06T13:37:10,58.4,poste-04
2026-10-06T13:37:11,83.5,poste-06
2026-10-06T13:37:12,50.7,poste-14
2026-10-06T13:37:13,43.9,poste-05
2026-10-06T13:37:14,28.0,poste-03
2026-10-06T13:37:15,77.1,poste-18
2026-10-06T13:37:16,34.8,poste-01
2026-10-06T13:37:17,51.5,poste-18
2026-10-06T13:37:18,82.7,poste-17
2026-10-06T13:37:19,59.1,poste-17
2026-10-06T13:38:20,87.0,poste-18
2026-10-06T13:38:21,77.1,poste-04
2026-10-06T13:38:22,80.3,poste-07
2026-10-06T13:38:23,97.3,poste-04
2026-10-06T13:38:24,34.5,poste-20
2026-10-06T13:38:25,75.6,poste-01
2026-10-06T13:38:26,64.4,poste-11
2026-10-06T13:38:27,29.8,poste-05
2026-10-06T13:38:28,66.0,poste-06
2026-10-06T13:38:29,27.0,poste-09
2026-10-06T13:39:30,88.1,poste-02
2026-10-06T13:39:31,26.8,poste-04
2026-10-06T13:39:32,60.5,poste-12
2026-10-06T13:39:33,97.3,poste-06
2026-10-06T13:39:34,53.8,poste-01
2026-10-06T13:39:35,39.9,poste-02
2026-10-06T13:39:36,95.7,poste-17
2026-10-06T13:39:37,92.4,poste-10
2026-10-06T13:39:38,72.7,poste-15
2026-10-06T13:39:39,31.2,poste-16
2026-10-06T13:40:40,75.6,poste-17
2026-10-06T13:40:41,92.9,poste-12
2026-10-06T13:40:42,68.5,poste-17
2026-10-06T13:40:43,36.8,poste-04
2026-10-06T13:40:44,73.0,poste-02
2026-10-06T13:40:45,39.0,poste-07
2026-10-06T13:40:46,31.3,poste-07
2026-10-06T13:40:47,96.6,poste-20
2026-10-06T13:40:48,64.2,poste-19
2026-10-06T13:40:49,48.7,poste-05
2026-10-06T13:41:50,78.3,poste-14
2026-10-06T13:41:51,25.9,poste-09
2026-10-06T13:41:52,40.9,poste-06
2026-10-06T13:41:53,52.0,poste-03
2026-10-06T13:41:54,95.6,poste-14
2026-10-06T13:41:55,95.2,poste-05
2026-10-06T13:41:56,62.9,poste-03
2026-10-06T13:41:57,70.4,poste-09
2026-10-06T13:41:58,99.6,poste-07
2026-10-06T13:41:59,77.2,poste-19
2026-10-06T13:42:00,72.6,poste-17
2026-10-06T13:42:01,68.4,poste-14
2026-10-06T13:42:02,85.7,poste-11
2026-10-06T13:42:03,99.4,poste-14
2026-10-06T13:42:04,50.3,poste-20
2026-10-06T13:42:05,39.8,poste-09
2026-10-06T13:42:06,30.0,poste-04
2026-10-06T13:42:07,74.7,poste-14
2026-10-06T13:42:08,25.3,poste-03
2026-10-06T13:42:09,49.0,poste-11
2026-10-06T13:43:10,82.2,poste-05
2026-10-06T13:43:11,89.5,poste-08
2026-10-06T13:43:12,41.9,poste-04
2026-10-06T13:43:13,50.2,poste-08
2026-10-06T13:43:14,50.3,poste-04
2026-10-06T13:43:15,82.6,poste-04
2026-10-06T13:43:16,34.1,poste-10
2026-10-06T13:43:17,67.1,poste-16
2026-10-06T13:43:18,27.6,poste-12
2026-10-06T13:43:19,76.0,poste-10
2026-10-06T13:44:20,64.1,poste-20
2026-10-06T13:44:21,27.9,poste-02
2026-10-06T13:44:22,33.7,poste-13
2026-10-06T13:44:23,34.5,poste-18
2026-10-06T13:44:24,64.1,poste-13
2026-10-06T13:44:25,58.1,poste-05
2026-10-06T13:44:26,40.7,poste-17
2026-10-06T13:44:27,77.1,poste-05
2026-10-06T13:44:28,31.4,poste-19
2026-10-06T13:44:29,78.8,poste-02
2026-10-06T13:45:30,93.5,poste-12
2026-10-06T13:45:31,76.6,poste-08
2026-10-06T13:45:32,74.3,poste-14
2026-10-06T13:45:33,76.5,poste-06
2026-10-06T13:45:34,55.1,poste-12
2026-10-06T13:45:35,83.9,poste-17
2026-10-06T13:45:36,42.9,poste-14
2026-10-06T13:45:37,61.6,poste-08
2026-10-06T13:45:38,44.4,poste-03
2026-10-06T13:45:39,95.8,poste-14
2026-10-06T13:46:40,81.6,poste-03
2026-10-06T13:46:41,70.8,poste-03
2026-10-06T13:46:42,78.4,poste-03
2026-10-06T13:46:43,33.2,poste-02
2026-10-06T13:46:44,26.8,poste-10
2026-10-06T13:46:45,64.3,poste-16
2026-10-06T13:46:46,84.7,poste-01
2026-10-06T13:46:47,97.0,poste-14
2026-10-06T13:46:48,74.2,poste-05
2026-10-06T13:46:49,58.4,poste-17
2026-10-06T13:47:50,74.8,poste-18
2026-10-06T13:47:51,75.8,poste-13
2026-10-06T13:47:52,21.1,poste-07
2026-10-06T13:47:53,92.9,poste-01
2026-10-06T13:47:54,77.1,poste-18
2026-10-06T13:47:55,80.0,poste-08
2026-10-06T13:47:56,99.5,poste-17
2026-10-06T13:47:57,74.7,poste-02
2026-10-06T13:47:58,68.6,poste-06
2026-10-06T13:47:59,74.0,poste-17
2026-10-06T13:48:00,92.3,poste-06
2026-10-06T13:48:01,26.0,poste-05
2026-10-06T13:48:02,61.1,poste-02
2026-10-06T13:48:03,53.8,poste-13
2026-10-06T13:48:04,33.6,poste-04
2026-10-06T13:48:05,47.0,poste-08
2026-10-06T13:48:06,86.5,poste-04
2026-10-06T13:48:07,43.2,poste-16
2026-10-06T13:48:08,43.5,poste-07
2026-10-06T13:48:09,20.2,poste-19
2026-10-06T13:49:10,51.5,poste-10
2026-10-06T13:49:11,94.3,poste-17
2026-10-06T13:49:12,86.1,poste-02
2026-10-06T13:49:13,94.8,poste-20
2026-10-06T13:49:14,87.9,poste-02
2026-10-06T13:49:15,48.5,poste-20
2026-10-06T13:49:16,56.8,poste-10
2026-10-06T13:49:17,48.3,poste-01
2026-10-06T13:49:18,48.0,poste-06
2026-10-06T13:49:19,52.2,poste-01
2026-10-06T13:50:20,28.1,poste-16
2026-10-06T13:50:21,35.8,poste-17
2026-10-06T13:50:22,61.1,poste-05
2026-10-06T13:50:23,52.9,poste-16
2026-10-06T13:50:24,20.6,poste-09
2026-10-06T13:50:25,38.1,poste-13
2026-10-06T13:50:26,49.9,poste-12
2026-10-06T13:50:27,54.3,poste-06
2026-10-06T13:50:28,62.9,poste-09
2026-10-06T13:50:29,28.7,poste-15
2026-10-06T13:51:30,72.5,poste-15
2026-10-06T13:51:31,32.9,poste-12
2026-10-06T13:51:32,79.8,poste-01
2026-10-06T13:51:33,48.7,poste-07
2026-10-06T13:51:34,28.9,poste-10
2026-10-06T13:51:35,23.2,poste-13
2026-10-06T13:51:36,53.7,poste-11
2026-10-06T13:51:37,92.1,poste-06
2026-10-06T13:51:38,73.3,poste-16
2026-10-06T13:51:39,96.8,poste-09
2026-10-06T13:52:40,29.5,poste-16
2026-10-06T13:52:41,64.0,poste-05
2026-10-06T13:52:42,46.0,poste-13
2026-10-06T13:52:43,60.1,poste-13
2026-10-06T13:52:44,30.5,poste-04
2026-10-06T13:52:45,83.4,poste-05
2026-10-06T13:52:46,32.4,poste-17
2026-10-06T13:52:47,21.1,poste-08
2026-10-06T13:52:48,24.2,poste-11
2026-10-06T13:52:49,54.4,poste-20
2026-10-06T13:53:50,79.0,poste-14
2026-10-06T13:53:51,58.4,poste-10
2026-10-06T13:53:52,58.9,poste-14
2026-10-06T13:53:53,39.8,poste-05
2026-10-06T13:53:54,78.3,poste-06
2026-10-06T13:53:55,40.0,poste-04
2026-10-06T13:53:56,89.1,poste-08
2026-10-06T13:53:57,73.3,poste-14
2026-10-06T13:53:58,35.9,poste-04
2026-10-06T13:53:59,76.1,poste-17
2026-10-06T13:54:00,68.9,poste-07
2026-10-06T13:54:01,99.4,poste-19
2026-10-06T13:54:02,70.3,poste-05
2026-10-06T13:54:03,38.4,poste-05
2026-10-06T13:54:04,52.1,poste-09
2026-10-06T13:54:05,99.2,poste-05
2026-10-06T13:54:06,54.1,poste-20
2026-10-06T13:54:07,36.0,poste-02
2026-10-06T13:54:08,50.4,poste-17
2026-10-06T13:54:09,44.5,poste-08
2026-10-06T13:55:10,37.7,poste-14
2026-10-06T13:55:11,58.3,poste-17
2026-10-06T13:55:12,54.2,poste-02
2026-10-06T13:55:13,44.3,poste-09
2026-10-06T13:55:14,49.1,poste-12
2026-10-06T13:55:15,76.9,poste-08
2026-10-06T13:55:16,45.6,poste-02
2026-10-06T13:55:17,34.5,poste-01
2026-10-06T13:55:18,24.2,poste-11
2026-10-06T13:55:19,37.0,poste-16
2026-10-06T13:56:20,42.4,poste-20
2026-10-06T13:56:21,28.1,poste-06
2026-10-06T13:56:22,40.2,poste-16
2026-10-06T13:56:23,49.1,poste-10
2026-10-06T13:56:24,28.9,poste-01
2026-10-06T13:56:25,74.6,poste-05
2026-10-06T13:56:26,46.5,poste-12
2026-10-06T13:56:27,79.4,poste-19
2026-10-06T13:56:28,62.3,poste-12
2026-10-06T13:56:29,39.1,poste-09
2026-10-06T13:57:30,36.8,poste-13
2026-10-06T13:57:31,27.0,poste-04
2026-10-06T13:57:32,30.4,poste-20
2026-10-06T13:57:33,29.6,poste-19
2026-10-06T13:57:34,97.5,poste-07
2026-10-06T13:57:35,35.4,poste-15
2026-10-06T13:57:36,94.0,poste-03
2026-10-06T13:57:37,95.3,poste-20
2026-10-06T13:57:38,47.4,poste-16
2026-10-06T13:57:39,99.2,poste-07
2026-10-06T13:58:40,62.7,poste-05
2026-10-06T13:58:41,23.5,poste-07
2026-10-06T13:58:42,53.5,poste-09
2026-10-06T13:58:43,91.3,poste-18
2026-10-06T13:58:44,98.0,poste-12
2026-10-06T13:58:45,55.9,poste-04
2026-10-06T13:58:46,92.9,poste-03
2026-10-06T13:58:47,58.6,poste-17
2026-10-06T13:58:48,94.5,poste-17
2026-10-06T13:58:49,83.3,poste-06
2026-10-06T13:59:50,67.9,poste-05
2026-10-06T13:59:51,43.2,poste-19
2026-10-06T13:59:52,24.9,poste-07
2026-10-06T13:59:53,79.3,poste-13
2026-10-06T13:59:54,59.6,poste-18
2026-10-06T13:59:55,89.6,poste-03
2026-10-06T13:59:56,33.2,poste-17
2026-10-06T13:59:57,50.7,poste-13
2026-10-06T13:59:58,52.1,poste-09
2026-10-06T13:59:59,36.6,poste-01
2026-10-06T14:00:00,32.8,poste-07
2026-10-06T14:00:01,67.4,poste-01
2026-10-06T14:00:02,90.3,poste-17
2026-10-06T14:00:03,56.4,poste-17
2026-10-06T14:00:04,40.7,poste-08
2026-10-06T14:00:05,43.7,poste-09
2026-10-06T14:00:06,64.2,poste-06
2026-10-06T14:00:07,37.9,poste-18
2026-10-06T14:00:08,39.1,poste-02
2026-10-06T14:00:09,71.2,poste-09
2026-10-06T14:01:10,94.2,poste-09
2026-10-06T14:01:11,89.9,poste-02
2026-10-06T14:01:12,71.4,poste-08
2026-10-06T14:01:13,99.2,poste-07
2026-10-06T14:01:14,62.8,poste-01
2026-10-06T14:01:15,71.9,poste-20
2026-10-06T14:01:16,97.8,poste-11
2026-10-06T14:01:17,26.7,poste-18
2026-10-06T14:01:18,41.1,poste-05
2026-10-06T14:01:19,52.7,poste-20
2026-10-06T14:02:20,43.6,poste-02
2026-10-06T14:02:21,70.1,poste-01
2026-10-06T14:02:22,85.9,poste-08
2026-10-06T14:02:23,78.4,poste-09
2026-10-06T14:02:24,34.1,poste-01
2026-10-06T14:02:25,63.0,poste-19
2026-10-06T14:02:26,28.5,poste-13
2026-10-06T14:02:27,95.7,poste-09
2026-10-06T14:02:28,89.6,poste-20
2026-10-06T14:02:29,64.1,poste-15
2026-10-06T14:03:30,37.7,poste-09
2026-10-06T14:03:31,36.3,poste-13
2026-10-06T14:03:32,32.5,poste-08
2026-10-06T14:03:33,78.4,poste-14
2026-10-06T14:03:34,49.5,poste-16
2026-10-06T14:03:35,27.5,poste-06
2026-10-06T14:03:36,56.8,poste-06
2026-10-06T14:03:37,35.1,poste-16
2026-10-06T14:03:38,95.5,poste-06
2026-10-06T14:03:39,71.8,poste-01
2026-10-06T14:04:40,44.8,poste-06
2026-10-06T14:04:41,85.4,poste-20
2026-10-06T14:04:42,35.0,poste-05
2026-10-06T14:04:43,25.8,poste-08
2026-10-06T14:04:44,56.4,poste-13
2026-10-06T14:04:45,28.0,poste-17
2026-10-06T14:04:46,31.0,poste-01
2026-10-06T14:04:47,68.3,poste-13
2026-10-06T14:04:48,50.7,poste-04
2026-10-06T14:04:49,86.1,poste-02
2026-10-06T14:05:50,30.6,poste-03
2026-10-06T14:05:51,41.4,poste-20
2026-10-06T14:05:52,21.1,poste-01
2026-10-06T14:05:53,96.6,poste-04
2026-10-06T14:05:54,63.4,poste-11
2026-10-06T14:05:55,88.2,poste-03
2026-10-06T14:05:56,36.2,poste-16
2026-10-06T14:05:57,80.8,poste-15
2026-10-06T14:05:58,85.2,poste-10
2026-10-06T14:05:59,46.5,poste-05
2026-10-06T14:06:00,39.5,poste-18
2026-10-06T14:06:01,75.4,poste-18
2026-10-06T14:06:02,29.8,poste-02
2026-10-06T14:06:03,28.2,poste-10
2026-10-06T14:06:04,28.2,poste-14
2026-10-06T14:06:05,31.3,poste-08
2026-10-06T14:06:06,21.9,poste-14
2026-10-06T14:06:07,50.8,poste-12
2026-10-06T14:06:08,72.4,poste-08
2026-10-06T14:06:09,93.7,poste-13
2026-10-06T14:07:10,74.9,poste-04
2026-10-06T14:07:11,59.3,poste-04
2026-10-06T14:07:12,38.0,poste-10
2026-10-06T14:07:13,48.6,poste-20
2026-10-06T14:07:14,46.7,poste-12
2026-10-06T14:07:15,93.9,poste-03
2026-10-06T14:07:16,91.6,poste-20
2026-10-06T14:07:17,32.1,poste-14
2026-10-06T14:07:18,62.4,poste-20
2026-10-06T14:07:19,34.5,poste-14
2026-10-06T14:08:20,32.0,poste-10
2026-10-06T14:08:21,70.0,poste-10
2026-10-06T14:08:22,47.9,poste-04
2026-10-06T14:08:23,41.7,poste-16
2026-10-06T14:08:24,72.9,poste-09
2026-10-06T14:08:25,84.9,poste-03
2026-10-06T14:08:26,83.1,poste-05
2026-10-06T14:08:27,82.2,poste-05
2026-10-06T14:08:28,45.6,poste-13
2026-10-06T14:08:29,55.7,poste-16
2026-10-06T14:09:30,85.2,poste-04
2026-10-06T14:09:31,66.2,poste-09
2026-10-06T14:09:32,31.6,poste-11
2026-10-06T14:09:33,99.6,poste-06
2026-10-06T14:09:34,81.4,poste-12
2026-10-06T14:09:35,45.5,poste-14
2026-10-06T14:09:36,58.5,poste-14
2026-10-06T14:09:37,68.1,poste-11
2026-10-06T14:09:38,31.1,poste-08
2026-10-06T14:09:39,50.7,poste-18
2026-10-06T14:10:40,59.8,poste-18
2026-10-06T14:10:41,59.4,poste-18
2026-10-06T14:10:42,85.7,poste-13
2026-10-06T14:10:43,26.7,poste-14
2026-10-06T14:10:44,62.2,poste-08
2026-10-06T14:10:45,76.2,poste-08
2026-10-06T14:10:46,48.9,poste-07
2026-10-06T14:10:47,99.5,poste-01
2026-10-06T14:10:48,49.0,poste-16
2026-10-06T14:10:49,96.6,poste-04
2026-10-06T14:11:50,24.8,poste-12
2026-10-06T14:11:51,48.9,poste-05
2026-10-06T14:11:52,43.6,poste-05
2026-10-06T14:11:53,86.8,poste-18
2026-10-06T14:11:54,97.7,poste-14
2026-10-06T14:11:55,39.4,poste-08
2026-10-06T14:11:56,24.5,poste-05
2026-10-06T14:11:57,29.4,poste-05
2026-10-06T14:11:58,50.2,poste-01
2026-10-06T14:11:59,75.7,poste-14
2026-10-06T14:12:00,49.7,poste-04
2026-10-06T14:12:01,73.0,poste-03
2026-10-06T14:12:02,58.1,poste-20
2026-10-06T14:12:03,89.6,poste-01
2026-10-06T14:12:04,31.8,poste-05
2026-10-06T14:12:05,26.3,poste-03
2026-10-06T14:12:06,21.0,poste-14
2026-10-06T14:12:07,32.0,poste-06
2026-10-06T14:12:08,57.6,poste-05
2026-10-06T14:12:09,79.8,poste-10
2026-10-06T14:13:10,57.6,poste-11
2026-10-06T14:13:11,55.5,poste-01
2026-10-06T14:13:12,42.9,poste-05
2026-10-06T14:13:13,24.8,poste-02
2026-10-06T14:13:14,68.3,poste-06
2026-10-06T14:13:15,60.3,poste-01
2026-10-06T14:13:16,51.7,poste-14
2026-10-06T14:13:17,74.4,poste-15
2026-10-06T14:13:18,64.3,poste-09
2026-10-06T14:13:19,93.5,poste-17
2026-10-06T14:14:20,44.5,poste-08
2026-10-06T14:14:21,53.9,poste-06
2026-10-06T14:14:22,41.7,poste-03
2026-10-06T14:14:23,61.7,poste-05
2026-10-06T14:14:24,79.5,poste-13
2026-10-06T14:14:25,69.5,poste-08
2026-10-06T14:14:26,51.4,poste-18
2026-10-06T14:14:27,68.4,poste-03
2026-10-06T14:14:28,85.3,poste-15
2026-10-06T14:14:29,58.2,poste-13
2026-10-06T14:15:30,86.2,poste-06
2026-10-06T14:15:31,24.4,poste-12
2026-10-06T14:15:32,71.7,poste-07
2026-10-06T14:15:33,41.6,poste-04
2026-10-06T14:15:34,26.2,poste-20
2026-10-06T14:15:35,82.3,poste-11
2026-10-06T14:15:36,22.2,poste-10
2026-10-06T14:15:37,33.0,poste-04
2026-10-06T14:15:38,25.2,poste-20
2026-10-06T14:15:39,20.9,poste-10
2026-10-06T14:16:40,35.0,poste-07
2026-10-06T14:16:41,71.1,poste-02
2026-10-06T14:16:42,39.2,poste-03
2026-10-06T14:16:43,98.1,poste-19
2026-10-06T14:16:44,23.6,poste-16
2026-10-06T14:16:45,23.7,poste-11
2026-10-06T14:16:46,27.5,poste-10
2026-10-06T14:16:47,20.7,poste-12
2026-10-06T14:16:48,80.1,poste-13
2026-10-06T14:16:49,60.0,poste-11
2026-10-06T14:17:50,80.1,poste-12
2026-10-06T14:17:51,97.9,poste-04
2026-10-06T14:17:52,46.5,poste-17
2026-10-06T14:17:53,28.1,poste-05
2026-10-06T14:17:54,21.9,poste-13
2026-10-06T14:17:55,58.2,poste-02
2026-10-06T14:17:56,43.2,poste-05
2026-10-06T14:17:57,74.6,poste-03
2026-10-06T14:17:58,90.8,poste-03
2026-10-06T14:17:59,96.2,poste-08
2026-10-06T14:18:00,90.8,poste-05
2026-10-06T14:18:01,81.5,poste-06
2026-10-06T14:18:02,99.5,poste-17
2026-10-06T14:18:03,61.3,poste-20
2026-10-06T14:18:04,72.1,poste-11
2026-10-06T14:18:05,55.8,poste-05
2026-10-06T14:18:06,47.1,poste-12
2026-10-06T14:18:07,69.9,poste-14
2026-10-06T14:18:08,23.2,poste-13
2026-10-06T14:18:09,39.1,poste-20
2026-10-06T14:19:10,68.6,poste-05
2026-10-06T14:19:11,65.4,poste-16
2026-10-06T14:19:12,27.8,poste-01
2026-10-06T14:19:13,31.4,poste-10
2026-10-06T14:19:14,63.8,poste-03
2026-10-06T14:19:15,59.9,poste-15
2026-10-06T14:19:16,45.1,poste-10
2026-10-06T14:19:17,32.9,poste-09
2026-10-06T14:19:18,66.1,poste-12
2026-10-06T14:19:19,27.1,poste-06
